configurationID,H264,no_8x8dct,no_asm,no_cabac,no_deblock,no_fast_pskip,no_mbtree,no_mixed_refs,no_weightb,rc_lookahead,ref,size,usertime,systemtime,elapsedtime
1,true,true,true,false,true,true,false,true,true,20,9,518164,21.200,0.092,2.922
10,true,true,true,true,false,true,false,false,true,40,9,575140,25.084,0.088,4.050
100,true,true,true,false,true,false,true,true,false,40,1,537248,12.732,0.032,1.632
1000,true,true,true,true,false,true,true,true,false,40,9,570715,20.780,0.072,2.662
1001,true,false,true,false,true,false,false,true,false,60,5,576480,17.076,0.056,2.667
1002,true,false,true,true,false,true,false,false,false,60,5,617675,19.444,0.092,3.270
1003,true,false,true,false,true,false,false,true,false,60,1,590397,13.316,0.044,2.088
1004,true,false,true,true,false,true,false,false,false,60,1,635889,12.704,0.092,2.001
1005,true,true,true,false,true,true,false,false,true,60,1,557549,12.504,0.080,2.002
1006,true,true,true,false,true,true,false,false,true,60,9,526623,25.800,0.108,4.295
1007,true,true,true,false,true,true,false,false,true,60,5,537566,18.696,0.084,3.124
1008,true,false,true,false,true,false,false,true,false,60,9,569299,21.640,0.084,3.244
1009,true,false,true,true,true,false,false,false,true,20,1,610088,12.664,0.072,1.734
101,true,false,true,false,false,false,true,false,false,40,5,535913,19.280,0.076,2.737
1010,true,false,true,true,false,true,false,false,false,60,9,606196,25.896,0.092,4.255
1011,true,true,true,true,true,true,false,false,false,20,1,600461,11.828,0.064,1.698
1012,true,false,true,true,true,true,true,false,false,60,5,592959,19.536,0.076,2.789
1013,true,false,true,true,true,true,true,true,false,40,1,614935,12.720,0.056,1.646
1014,true,false,true,true,true,true,true,false,false,60,1,614935,12.684,0.060,1.615
1015,true,true,true,true,true,true,false,false,false,20,9,571550,25.136,0.084,3.939
1016,true,true,true,true,true,true,false,false,false,20,5,582139,18.652,0.080,2.915
1017,true,true,true,true,false,false,false,true,false,60,1,616793,11.996,0.080,1.976
1018,true,false,true,true,true,true,true,true,false,40,9,594491,21.564,0.064,2.782
1019,true,true,true,true,false,true,true,true,false,60,1,587228,12.088,0.040,1.558
102,true,true,true,true,false,true,true,false,false,40,1,587228,11.924,0.068,1.574
1020,true,false,true,true,true,true,true,true,false,40,5,600631,16.976,0.052,2.246
1021,true,false,true,true,true,true,true,false,false,60,9,582632,26.576,0.112,3.919
1022,true,true,true,true,false,true,true,true,false,60,5,577295,16.188,0.048,2.148
1023,true,false,true,true,false,true,false,true,false,60,1,635889,12.720,0.076,2.047
1024,true,true,true,true,false,true,true,true,false,60,9,570715,21.080,0.076,2.732
1025,true,false,true,true,false,false,true,false,true,20,9,575264,25.820,0.032,3.721
1026,true,true,true,false,true,true,false,true,false,60,1,566332,12.360,0.092,1.885
1027,true,false,true,true,false,false,true,false,true,20,1,604007,12.904,0.068,1.686
1028,true,false,true,true,false,false,true,false,true,20,5,584504,18.540,0.060,2.612
1029,true,true,true,false,true,true,false,true,false,60,9,545852,21.252,0.084,3.175
103,true,true,true,false,true,false,true,true,false,40,5,524220,16.140,0.076,2.109
1030,true,false,true,false,true,false,false,false,true,20,9,529658,25.412,0.080,3.854
1031,true,true,true,true,false,false,false,true,false,60,5,606381,15.516,0.080,2.336
1032,true,true,true,true,true,true,false,true,true,40,9,592062,20.592,0.116,2.942
1033,true,false,true,false,true,false,false,false,true,20,5,537861,19.228,0.088,2.971
1034,true,true,true,false,true,true,false,true,false,60,5,552976,16.324,0.080,2.493
1035,true,true,true,true,false,false,false,true,false,60,9,598056,20.780,0.076,3.129
1036,true,false,true,false,true,false,false,false,true,20,1,560471,12.936,0.076,1.821
1037,true,false,true,true,false,true,false,true,false,60,9,618702,21.600,0.076,3.205
1038,true,true,true,true,true,true,false,false,true,60,5,594302,18.244,0.080,3.008
1039,true,true,true,true,true,true,false,true,true,40,1,613843,11.984,0.092,1.892
104,true,false,true,false,false,false,true,false,false,40,1,555331,12.928,0.108,1.684
1040,true,false,true,true,false,true,false,true,false,60,5,627145,16.792,0.096,2.586
1041,true,true,true,true,true,true,false,false,true,60,9,583256,25.796,0.096,4.220
1042,true,true,true,true,true,true,false,true,true,40,5,599756,15.880,0.092,2.390
1043,true,false,true,true,true,true,true,false,false,40,5,592959,19.128,0.080,2.739
1044,true,false,true,true,true,true,true,true,false,20,1,614935,12.864,0.040,1.659
1045,true,true,true,true,true,true,false,false,false,40,1,622149,12.076,0.080,1.848
1046,true,false,true,true,true,true,true,false,false,40,1,614935,13.008,0.068,1.684
1047,true,true,true,false,false,true,false,false,true,20,9,503164,25.424,0.092,3.913
1048,true,true,true,true,true,true,false,false,false,40,9,589361,25.232,0.084,4.060
1049,true,true,true,true,true,true,false,true,false,20,5,590130,16.048,0.084,2.305
105,true,true,true,true,false,true,true,false,false,40,5,568001,18.928,0.052,2.756
1050,true,true,true,false,false,true,false,false,true,20,5,510516,18.764,0.064,2.892
1051,true,true,true,true,true,true,false,true,false,20,1,600461,11.880,0.064,1.706
1052,true,true,true,true,true,true,false,false,false,40,5,599627,18.764,0.096,3.054
1053,true,true,true,false,false,true,false,false,true,20,1,529564,12.328,0.064,1.718
1054,true,false,true,true,false,false,true,false,true,40,1,604007,12.804,0.044,1.664
1055,true,false,true,true,true,true,true,true,false,20,9,594491,21.804,0.084,2.861
1056,true,false,true,true,true,true,true,false,false,40,9,582632,26.616,0.064,3.894
1057,true,false,true,true,true,true,true,true,false,20,5,600631,16.696,0.056,2.200
1058,true,false,true,true,false,false,true,true,true,20,9,587059,20.988,0.032,2.707
1059,true,false,true,true,false,false,true,false,true,40,5,584504,18.852,0.060,2.666
106,true,true,true,false,true,false,true,true,false,40,9,518333,20.704,0.060,2.652
1060,true,false,true,true,false,false,true,true,true,20,1,604007,12.768,0.044,1.646
1061,true,true,true,false,true,true,false,true,false,40,1,563033,12.432,0.108,1.934
1062,true,true,true,false,true,true,false,false,false,60,5,545379,18.800,0.068,3.089
1063,true,false,true,true,false,false,true,false,true,40,9,575264,26.096,0.056,3.774
1064,true,false,true,true,false,false,true,true,true,20,5,593720,16.464,0.060,2.156
1065,true,true,true,false,true,true,false,false,false,60,1,566332,12.448,0.076,1.900
1066,true,true,true,true,true,true,false,true,true,60,9,595745,21.036,0.052,3.181
1067,true,true,true,false,true,true,false,true,false,40,9,543159,21.052,0.064,2.969
1068,true,true,true,false,true,true,false,true,false,40,5,551621,16.256,0.064,2.404
1069,true,true,true,true,true,true,false,true,false,20,9,582278,20.640,0.116,2.835
107,true,false,true,false,false,false,false,true,false,20,1,561741,13.220,0.096,1.876
1070,true,true,true,false,true,true,false,false,false,60,9,536661,26.832,0.076,4.408
1071,true,true,true,true,true,true,false,true,true,60,1,615893,12.400,0.084,2.053
1072,true,true,true,true,true,true,false,true,true,60,5,603024,16.100,0.088,2.572
1073,true,false,true,true,true,true,true,false,false,20,1,614935,13.144,0.032,1.707
1074,true,false,true,false,true,false,false,true,true,20,9,539644,21.284,0.092,2.947
1075,true,true,true,true,false,false,false,false,false,40,1,614260,12.104,0.068,1.908
1076,true,false,true,false,true,true,true,false,false,60,9,533815,26.656,0.076,3.897
1077,true,false,true,true,false,false,true,true,false,60,9,589174,21.096,0.060,2.744
1078,true,false,true,false,true,true,true,true,false,40,5,550180,17.048,0.040,2.226
1079,true,false,true,false,true,true,true,true,false,40,9,544109,21.796,0.052,2.811
108,true,true,true,true,false,true,true,false,false,40,9,557838,25.372,0.044,3.690
1080,true,false,true,true,false,false,true,false,true,60,1,604007,12.576,0.064,1.623
1081,true,false,true,true,true,true,true,false,false,20,9,582632,26.328,0.060,3.832
1082,true,false,true,false,true,true,true,false,false,60,1,563622,13.332,0.048,1.713
1083,true,false,true,true,false,false,true,true,false,60,1,605767,12.728,0.040,1.639
1084,true,false,true,true,true,true,true,false,false,20,5,592959,19.284,0.048,2.763
1085,true,false,true,true,false,false,true,true,false,60,5,596187,16.624,0.088,2.204
1086,true,false,true,false,true,true,true,false,false,60,5,540848,19.580,0.076,2.795
1087,true,false,true,false,true,true,true,true,false,40,1,563622,13.320,0.044,1.708
1088,true,true,true,false,true,false,true,false,true,20,1,534621,12.348,0.080,1.571
1089,true,false,true,true,false,false,true,true,true,40,9,587059,21.252,0.068,2.801
109,true,false,true,false,true,false,false,false,false,60,9,557887,26.196,0.052,4.307
1090,true,true,true,false,true,false,true,false,true,20,5,512684,18.656,0.060,2.614
1091,true,true,true,true,false,false,false,true,true,60,9,588091,20.644,0.148,3.176
1092,true,true,true,false,true,false,true,false,true,20,9,506628,25.584,0.068,3.665
1093,true,false,true,true,false,false,true,false,true,60,5,584504,18.820,0.084,2.691
1094,true,false,true,true,false,false,true,true,true,40,1,604007,12.524,0.068,1.618
1095,true,false,true,true,false,false,true,false,true,60,9,575264,25.576,0.076,3.677
1096,true,false,true,true,false,false,true,true,true,40,5,593720,16.604,0.040,2.193
1097,true,true,true,true,false,false,false,false,false,40,5,593733,18.384,0.108,3.024
1098,true,true,true,true,true,true,false,false,true,20,9,561799,24.964,0.084,3.885
1099,true,true,true,true,false,false,false,true,false,20,1,593472,11.756,0.060,1.675
11,true,false,true,true,true,true,true,false,true,40,1,612575,13.052,0.056,1.685
110,true,false,true,false,false,false,false,true,false,20,5,551318,16.544,0.060,2.337
1100,true,false,true,false,true,false,false,true,true,40,9,558030,21.368,0.072,3.065
1101,true,false,true,false,true,false,false,false,true,60,9,548890,25.968,0.080,4.217
1102,true,true,true,true,false,false,false,false,false,40,9,582469,25.064,0.060,4.096
1103,true,false,true,false,true,false,false,true,true,40,5,565738,16.576,0.076,2.471
1104,true,true,true,true,false,false,false,true,false,20,5,584207,15.908,0.060,2.258
1105,true,false,true,false,true,false,false,false,true,60,5,559529,19.208,0.092,3.255
1106,true,true,true,true,false,false,false,true,true,60,5,595727,15.740,0.092,2.508
1107,true,true,true,true,true,true,false,false,true,20,1,592788,11.968,0.056,1.720
1108,true,false,true,false,true,false,false,true,true,40,1,579330,13.256,0.068,2.055
1109,true,true,true,true,false,false,false,true,false,20,9,574974,20.556,0.088,2.863
111,true,false,true,false,false,true,true,false,false,20,1,555442,13.152,0.056,1.686
1110,true,false,true,false,true,false,false,false,true,60,1,581482,13.312,0.084,2.215
1111,true,true,true,true,false,false,false,true,true,60,1,606538,12.152,0.088,2.072
1112,true,true,true,true,true,true,false,false,true,20,5,572361,18.476,0.056,2.854
1113,true,true,true,true,true,true,false,false,true,60,1,615893,12.364,0.076,2.072
1114,true,true,true,true,false,false,false,false,false,60,1,616793,12.272,0.080,2.047
1115,true,true,true,true,false,false,false,false,false,60,5,597432,18.576,0.060,3.125
1116,true,true,true,true,false,false,false,true,false,40,1,614260,12.148,0.068,1.907
1117,true,false,true,true,false,false,true,false,false,60,9,576167,25.720,0.088,3.710
1118,true,false,true,true,false,false,true,true,false,40,5,596187,16.372,0.056,2.147
1119,true,false,true,false,true,true,true,true,false,60,9,544109,22.188,0.072,2.872
112,true,false,true,false,true,false,false,false,false,60,5,567844,19.136,0.072,3.168
1120,true,false,true,true,true,true,true,false,true,20,5,590769,19.460,0.044,2.821
1121,true,false,true,true,false,false,true,true,false,40,9,589174,20.912,0.080,2.697
1122,true,false,true,true,false,false,true,true,true,60,1,604007,12.640,0.040,1.639
1123,true,false,true,true,true,true,true,false,true,20,1,612575,12.716,0.040,1.632
1124,true,false,true,false,true,true,true,true,false,60,1,563622,13.084,0.036,1.664
1125,true,false,true,true,false,false,true,false,false,60,1,605767,12.868,0.084,1.690
1126,true,false,true,false,true,true,true,true,false,60,5,550180,17.348,0.068,2.285
1127,true,false,true,true,false,false,true,false,false,60,5,585380,18.968,0.084,2.716
1128,true,false,true,true,false,false,true,true,false,40,1,605767,12.532,0.080,1.612
1129,true,true,true,false,true,false,true,false,true,60,1,534621,12.304,0.072,1.564
113,true,false,true,false,false,false,false,true,false,20,9,543622,21.444,0.088,2.923
1130,true,true,true,false,true,false,true,false,true,40,1,534621,12.504,0.080,1.606
1131,true,true,true,false,true,false,true,true,true,20,1,534621,12.640,0.084,1.629
1132,true,true,true,false,true,false,true,false,true,40,5,512684,18.560,0.084,2.613
1133,true,false,true,true,false,false,true,true,true,60,5,593720,16.336,0.064,2.127
1134,true,true,true,false,true,false,true,true,true,20,5,522815,16.048,0.100,2.094
1135,true,true,true,false,true,false,true,false,true,40,9,506628,25.692,0.040,3.669
1136,true,false,true,true,false,false,true,true,true,60,9,587059,21.356,0.064,2.775
1137,true,false,true,true,true,true,true,false,true,20,9,580149,26.348,0.052,3.859
1138,true,true,true,false,true,false,true,true,true,20,9,515986,20.936,0.044,2.713
1139,true,true,true,true,true,true,false,false,true,40,9,580814,25.488,0.108,4.052
114,true,false,true,false,false,true,true,false,false,20,5,536045,19.652,0.060,2.786
1140,true,true,true,true,false,false,false,false,false,60,9,585908,24.856,0.056,4.149
1141,true,true,true,true,false,false,false,true,false,40,5,603766,15.776,0.060,2.372
1142,true,false,true,false,true,false,false,true,true,20,5,546381,16.808,0.064,2.387
1143,true,true,true,true,true,true,false,true,true,20,5,580997,15.980,0.064,2.243
1144,true,false,true,false,true,false,false,false,true,40,9,546055,25.736,0.048,4.122
1145,true,false,true,false,true,false,false,true,true,20,1,560471,13.268,0.056,1.906
1146,true,true,true,true,false,false,false,true,false,40,9,594540,20.716,0.056,2.992
1147,true,true,true,true,true,true,false,true,true,20,9,573920,21.048,0.088,2.889
1148,true,false,true,false,true,false,false,false,true,40,5,555365,18.956,0.084,3.051
1149,true,true,true,true,true,true,false,false,true,40,1,613843,12.316,0.068,1.943
115,true,false,true,false,false,true,false,false,true,60,9,546297,26.176,0.088,4.336
1150,true,false,true,false,true,false,false,false,true,40,1,579330,13.056,0.104,1.978
1151,true,true,true,true,true,true,false,false,true,40,5,590445,18.388,0.060,2.981
1152,true,true,true,true,true,true,false,true,true,20,1,592788,11.988,0.100,1.764
116,true,false,true,false,true,false,false,false,false,60,1,590397,13.164,0.084,2.110
117,true,false,true,false,false,true,true,false,false,20,9,528096,26.604,0.052,3.898
118,true,false,true,false,false,true,false,false,true,60,5,555526,19.332,0.056,3.264
119,true,true,true,false,true,true,true,true,false,20,9,518007,21.212,0.064,2.714
12,true,true,true,false,true,false,false,true,true,40,5,541390,15.908,0.084,2.361
120,true,false,true,false,false,true,false,false,true,60,1,576577,13.448,0.072,2.167
121,true,true,true,false,false,true,true,true,true,40,5,518349,16.144,0.060,2.091
122,true,true,true,false,false,true,true,true,true,40,9,512486,21.400,0.048,2.750
123,true,true,true,false,true,true,true,true,false,20,1,536435,12.548,0.084,1.619
124,true,true,true,false,true,true,false,true,true,60,5,545256,16.132,0.096,2.501
125,true,true,true,false,true,true,true,true,false,20,5,525400,16.832,0.068,2.195
126,true,true,true,false,true,true,false,true,true,60,1,557549,12.700,0.084,2.115
127,true,true,true,false,true,true,false,true,true,40,9,535842,21.008,0.088,3.042
128,true,false,true,false,false,false,true,false,false,60,9,528189,25.940,0.084,3.745
129,true,false,true,false,false,true,true,false,true,20,1,554290,13.120,0.068,1.724
13,true,true,true,true,false,true,false,false,true,40,5,584774,18.484,0.108,3.027
130,true,false,true,true,true,true,false,true,false,40,9,620267,21.432,0.068,3.026
131,true,true,true,true,false,true,true,false,false,60,1,587228,12.040,0.064,1.577
132,true,false,true,false,false,true,true,false,true,20,5,534514,19.280,0.040,2.773
133,true,true,true,false,true,false,true,true,false,60,1,537248,12.504,0.056,1.580
134,true,false,true,true,true,true,false,true,false,40,5,628585,16.640,0.084,2.499
135,true,true,true,true,false,true,true,false,false,60,5,568001,18.284,0.044,2.611
136,true,false,true,false,false,true,true,false,true,20,9,526662,26.356,0.060,3.850
137,true,true,true,false,true,false,true,true,false,60,5,524220,16.320,0.060,2.126
138,true,false,true,false,false,false,true,false,false,60,5,535913,19.396,0.080,2.726
139,true,true,true,true,false,true,true,false,false,60,9,557838,25.340,0.116,3.682
14,true,false,true,false,true,true,false,false,false,20,9,538290,26.376,0.068,4.132
140,true,true,true,false,true,false,true,true,false,60,9,518333,20.840,0.068,2.664
141,true,false,true,false,false,false,false,true,false,40,1,581327,13.036,0.092,1.991
142,true,false,true,false,false,false,true,false,false,60,1,555331,13.008,0.048,1.681
143,true,false,true,false,false,false,false,true,false,40,5,569014,16.540,0.084,2.502
144,true,false,true,true,true,false,true,false,true,20,9,579902,26.188,0.092,3.782
145,true,false,true,false,false,true,false,false,true,40,9,543021,26.308,0.072,4.195
146,true,false,true,false,false,false,false,true,false,40,9,560642,21.444,0.100,3.124
147,true,false,true,true,true,false,true,false,true,20,5,589638,18.856,0.068,2.660
148,true,true,true,true,false,false,false,false,true,20,9,555643,24.852,0.068,3.813
149,true,false,true,false,false,true,false,false,true,40,5,552127,19.720,0.108,3.239
15,true,false,true,false,false,false,false,true,false,60,1,584795,13.084,0.056,2.078
150,true,false,true,true,true,true,false,true,false,60,5,630799,16.700,0.088,2.575
151,true,false,true,false,false,true,false,false,true,40,1,574064,12.920,0.092,1.905
152,true,true,true,false,true,true,true,false,true,60,9,506211,26.312,0.064,3.848
153,true,false,true,true,true,true,false,true,false,60,1,644789,12.868,0.056,2.053
154,true,true,true,false,true,true,true,false,true,60,5,513975,19.032,0.112,2.746
155,true,true,true,false,false,true,true,true,true,20,1,527814,12.568,0.036,1.611
156,true,true,true,false,true,true,true,false,true,60,1,534771,12.368,0.048,1.562
157,true,true,true,false,false,true,true,true,true,20,5,518349,16.428,0.056,2.156
158,true,true,true,false,true,true,false,true,true,40,5,542510,16.420,0.076,2.463
159,true,true,true,false,false,true,true,true,true,20,9,512486,21.156,0.072,2.713
16,true,true,true,false,true,false,false,true,true,40,1,554300,12.700,0.072,1.968
160,true,false,true,true,true,false,true,false,true,20,1,613250,12.972,0.072,1.703
161,true,true,true,true,false,false,false,false,true,20,5,565233,18.304,0.076,2.853
162,true,true,true,false,true,true,false,true,true,40,1,555596,12.416,0.064,1.872
163,true,true,true,true,false,false,false,false,true,20,1,584210,11.884,0.064,1.689
164,true,false,true,false,false,false,true,false,true,60,5,534588,19.160,0.068,2.704
165,true,true,true,true,false,true,false,true,false,40,5,605412,15.964,0.096,2.414
166,true,true,true,true,false,true,false,false,false,60,9,586835,25.360,0.128,4.199
167,true,false,true,true,true,false,false,true,false,40,9,618792,21.148,0.084,3.059
168,true,false,true,false,false,false,true,false,true,60,9,527923,25.716,0.088,3.680
169,true,true,true,true,false,true,false,false,false,60,5,598450,18.544,0.084,3.089
17,true,true,true,true,false,true,false,false,true,40,1,605887,11.900,0.072,1.773
170,true,true,true,true,false,true,false,true,false,40,1,615033,12.152,0.048,1.924
171,true,false,true,true,true,false,false,true,false,40,5,626285,16.812,0.048,2.574
172,true,true,true,true,false,true,false,false,false,60,1,617696,12.308,0.104,2.040
173,true,false,true,true,true,false,false,true,false,40,1,639688,12.896,0.080,1.984
174,true,false,true,false,false,false,true,false,true,60,1,553853,13.208,0.028,1.723
175,true,false,true,false,false,true,true,false,true,40,1,554290,13.152,0.088,1.702
176,true,false,true,false,false,true,true,false,true,40,5,534514,19.504,0.064,2.778
177,true,false,true,false,false,true,true,false,true,40,9,526662,26.572,0.060,3.920
178,true,true,true,true,false,true,false,true,false,40,9,595988,20.664,0.076,2.948
179,true,false,true,false,false,false,false,false,true,40,1,572683,13.140,0.088,1.979
18,true,false,true,false,true,true,false,false,false,20,5,547542,19.896,0.108,3.087
180,true,false,true,false,false,false,false,true,true,20,1,552580,13.176,0.060,1.861
181,true,false,true,false,false,false,false,false,true,40,5,550820,19.016,0.076,3.088
182,true,true,true,true,true,false,false,false,false,20,9,569191,25.256,0.068,3.965
183,true,false,true,false,false,false,false,true,true,20,5,541827,16.596,0.088,2.354
184,true,false,true,false,false,false,false,false,true,40,9,542216,25.360,0.048,4.044
185,true,false,true,false,false,true,true,false,true,60,1,554290,13.124,0.048,1.686
186,true,true,true,true,true,false,false,false,false,20,5,579519,18.564,0.128,2.842
187,true,false,true,false,false,false,false,true,true,20,9,534523,21.124,0.056,2.898
188,true,false,true,true,true,false,true,true,false,60,5,600963,16.904,0.064,2.263
189,true,true,true,true,true,false,false,false,false,20,1,599520,12.100,0.060,1.757
19,true,false,true,false,false,false,false,true,false,60,5,572552,16.712,0.088,2.579
190,true,false,true,true,true,false,true,true,false,60,1,615379,12.760,0.060,1.634
191,true,false,true,true,true,false,true,true,false,60,9,594671,21.332,0.092,2.780
192,true,false,true,false,false,false,true,false,false,20,9,528189,26.040,0.060,3.771
193,true,false,true,true,true,false,false,true,false,20,9,599227,20.904,0.076,2.884
194,true,true,true,true,false,true,false,true,false,20,5,584568,16.276,0.084,2.316
195,true,true,true,true,false,true,false,false,false,40,9,584940,25.932,0.076,4.168
196,true,true,true,true,true,false,true,true,true,60,9,572283,20.888,0.068,2.704
197,true,false,true,false,false,false,true,false,false,20,5,535913,19.176,0.084,2.729
198,true,false,true,true,true,false,false,true,false,20,5,607890,16.668,0.092,2.407
199,true,true,true,true,false,true,false,true,false,20,1,593313,12.140,0.056,1.796
2,true,true,true,false,true,true,false,true,true,20,5,524994,16.300,0.068,2.302
20,true,false,true,true,true,false,true,false,true,40,9,579902,25.908,0.092,3.723
200,true,true,true,true,false,true,false,false,false,40,5,595453,18.352,0.076,2.952
201,true,false,true,true,true,false,false,true,false,20,1,617991,12.652,0.072,1.827
202,true,true,true,true,false,true,false,false,false,40,1,615033,12.004,0.064,1.874
203,true,false,true,false,false,true,true,false,true,60,5,534514,19.296,0.048,2.778
204,true,false,true,false,false,true,true,false,true,60,9,526662,26.376,0.076,3.852
205,true,true,true,true,true,false,true,true,true,60,5,580204,15.672,0.092,2.049
206,true,false,true,false,false,false,true,false,false,20,1,555331,13.128,0.044,1.687
207,true,true,true,true,true,false,true,true,true,60,1,592321,12.224,0.080,1.607
208,true,true,true,true,false,true,false,true,false,20,9,577517,20.836,0.084,2.877
209,true,false,true,false,false,false,false,false,true,60,1,575308,13.220,0.060,2.162
21,true,true,true,false,true,false,true,false,true,60,5,512684,18.624,0.052,2.612
210,true,false,true,false,false,false,false,true,true,40,1,572683,13.344,0.040,2.034
211,true,false,true,false,false,false,false,false,true,60,5,553604,19.432,0.080,3.309
212,true,true,true,true,true,false,false,false,false,40,9,587357,25.084,0.056,4.026
213,true,false,true,false,false,false,false,true,true,40,5,559256,17.096,0.088,2.592
214,true,false,true,false,false,false,false,false,true,60,9,544744,25.836,0.084,4.260
215,true,true,true,true,true,false,false,false,false,40,5,597978,18.292,0.096,2.937
216,true,false,true,false,false,false,false,true,true,40,9,553082,21.324,0.060,3.033
217,true,true,true,true,true,false,false,false,false,40,1,621288,11.912,0.080,1.845
218,true,false,true,false,false,false,true,false,true,20,1,553853,12.956,0.064,1.664
219,true,true,true,false,false,true,true,true,false,60,1,528813,12.448,0.052,1.567
22,true,false,true,false,false,true,true,false,false,60,1,555442,13.160,0.056,1.680
220,true,true,true,true,false,true,false,false,false,20,5,576728,18.464,0.076,2.875
221,true,false,true,true,true,false,false,true,true,60,1,633129,12.756,0.080,2.079
222,true,true,true,false,false,true,true,true,false,60,5,520306,16.488,0.056,2.181
223,true,false,true,false,false,false,true,false,true,20,5,534588,19.200,0.084,2.716
224,true,true,true,true,false,true,false,false,false,20,1,593313,11.904,0.076,1.705
225,true,true,true,false,false,true,true,true,false,60,9,513131,21.032,0.072,2.695
226,true,false,true,true,false,true,true,true,true,20,1,604760,12.756,0.056,1.657
227,true,false,true,true,false,true,true,true,true,20,9,588864,21.404,0.080,2.775
228,true,false,true,true,false,true,true,true,true,20,5,595198,16.504,0.036,2.138
229,true,true,true,true,false,true,false,false,false,20,9,567297,25.492,0.056,4.063
23,true,false,true,false,true,false,false,false,false,20,5,547523,19.136,0.072,2.977
230,true,true,true,false,false,false,true,true,true,40,5,516906,15.884,0.056,2.055
231,true,true,true,false,false,false,true,true,true,40,9,511690,20.972,0.064,2.704
232,true,true,true,false,false,false,true,true,true,40,1,526015,12.484,0.072,1.614
233,true,true,true,true,true,false,false,false,false,60,9,591357,25.104,0.116,4.157
234,true,false,true,true,true,false,true,true,false,20,1,615379,12.888,0.052,1.672
235,true,false,true,true,true,false,true,false,false,40,5,591647,18.848,0.060,2.664
236,true,true,true,true,true,false,false,false,false,60,5,601323,18.452,0.088,3.074
237,true,false,true,true,true,false,true,false,false,40,1,615379,12.916,0.076,1.684
238,true,true,true,false,false,false,false,false,false,20,1,536565,12.348,0.080,1.722
239,true,true,true,true,true,false,false,false,false,60,1,623804,12.124,0.072,1.939
24,true,false,true,false,false,false,false,true,false,60,9,564346,21.304,0.096,3.175
240,true,false,true,true,true,false,true,true,false,20,9,594671,21.544,0.052,2.803
241,true,true,true,false,false,false,false,false,false,20,5,518725,18.700,0.108,2.866
242,true,false,true,true,true,false,false,true,true,60,9,612016,21.572,0.064,3.286
243,true,false,true,true,true,false,true,false,false,40,9,582261,25.880,0.060,3.703
244,true,false,true,true,true,false,true,true,false,20,5,600963,16.528,0.068,2.169
245,true,true,true,false,false,false,false,false,false,20,9,510034,24.644,0.064,3.755
246,true,false,true,true,true,false,false,true,true,60,5,620836,16.728,0.072,2.654
247,true,false,true,false,false,false,true,false,true,40,5,534588,19.300,0.056,2.747
248,true,false,true,true,true,false,false,true,false,60,9,622803,21.296,0.084,3.209
249,true,false,true,false,false,false,true,false,true,40,9,527923,26.208,0.068,3.808
25,true,false,true,true,true,false,true,false,true,40,5,589638,18.884,0.064,2.663
250,true,false,true,true,true,false,false,true,false,60,5,629936,16.472,0.092,2.551
251,true,false,true,true,true,false,true,false,false,60,1,615379,12.708,0.044,1.634
252,true,false,true,false,false,false,true,false,true,40,1,553853,12.840,0.052,1.644
253,true,false,true,true,true,false,false,true,false,60,1,642562,12.936,0.076,2.070
254,true,true,true,true,false,true,false,false,true,20,9,557766,25.016,0.104,3.875
255,true,true,true,true,false,true,false,false,true,20,5,566350,18.304,0.076,2.812
256,true,true,true,true,false,true,false,false,true,20,1,585104,11.908,0.040,1.710
257,true,true,true,true,false,true,true,false,true,20,1,584583,12.116,0.060,1.582
258,true,true,true,false,false,false,true,true,true,20,5,516906,16.300,0.060,2.141
259,true,true,true,false,false,false,true,true,true,20,9,511690,20.788,0.068,2.663
26,true,true,true,true,false,false,false,false,true,40,9,573768,24.500,0.088,3.879
260,true,true,true,true,false,true,true,false,true,20,9,556817,25.396,0.112,3.754
261,true,false,true,false,false,false,false,false,true,20,1,552580,13.020,0.064,1.863
262,true,true,true,false,false,false,true,true,true,20,1,526015,12.336,0.036,1.579
263,true,true,true,true,false,true,true,false,true,20,5,566254,18.656,0.064,2.699
264,true,false,true,false,false,false,false,false,true,20,5,532278,19.084,0.092,2.905
265,true,false,true,false,false,true,false,true,false,60,5,574197,16.972,0.064,2.589
266,true,false,true,true,true,false,true,false,false,60,9,582261,25.836,0.056,3.693
267,true,false,true,true,true,false,true,true,false,40,5,600963,16.740,0.044,2.210
268,true,false,true,false,false,false,false,false,true,20,9,524762,26.024,0.052,4.003
269,true,false,true,false,false,true,false,true,false,60,9,565365,21.808,0.072,3.267
27,true,true,true,false,true,false,true,false,true,60,9,506628,25.484,0.088,3.653
270,true,false,true,true,true,false,true,true,false,40,1,615379,12.900,0.024,1.659
271,true,false,true,true,true,false,true,false,false,60,5,591647,19.164,0.060,2.717
272,true,false,true,false,false,false,true,false,true,20,9,527923,26.024,0.092,3.742
273,true,false,true,false,false,true,false,true,false,60,1,586158,13.148,0.080,2.069
274,true,false,true,true,true,false,true,true,false,40,9,594671,21.484,0.040,2.809
275,true,true,true,false,true,false,false,false,true,60,1,557486,12.708,0.048,2.064
276,true,false,true,true,false,false,false,true,true,60,9,608009,21.252,0.092,3.240
277,true,false,true,false,true,false,true,false,false,40,9,533323,26.456,0.088,3.816
278,true,true,true,false,false,true,true,true,false,20,1,528813,12.612,0.044,1.609
279,true,false,true,true,false,false,false,true,true,60,5,615467,16.660,0.088,2.672
28,true,false,true,false,false,true,true,false,false,60,5,536045,19.332,0.056,2.775
280,true,true,true,false,false,true,true,true,false,20,5,520306,16.300,0.064,2.125
281,true,false,true,true,true,true,false,false,true,20,9,581535,26.212,0.072,4.080
282,true,true,true,true,false,false,true,false,true,60,9,554915,24.944,0.052,3.579
283,true,true,true,false,false,true,true,true,false,20,9,513131,21.376,0.108,2.766
284,true,false,true,true,true,true,false,false,true,20,1,609813,12.620,0.076,1.788
285,true,true,true,true,false,true,false,true,true,20,9,569208,20.584,0.084,2.787
286,true,false,true,true,true,true,false,false,true,20,5,590415,19.464,0.072,3.018
287,true,true,true,true,false,true,false,true,true,20,5,576092,16.072,0.092,2.309
288,true,false,true,true,false,false,false,false,false,20,1,611165,12.412,0.080,1.711
289,true,true,true,false,true,false,false,false,true,60,9,525768,25.932,0.104,4.239
29,true,false,true,false,true,false,false,false,false,20,1,569085,13.168,0.068,1.918
290,true,true,true,true,false,true,false,true,true,20,1,585104,11.840,0.060,1.708
291,true,false,true,true,false,false,false,true,true,60,1,626779,12.944,0.096,2.162
292,true,false,true,true,false,false,false,false,false,20,5,592741,18.512,0.116,2.896
293,true,true,true,false,true,false,false,false,true,60,5,535005,18.488,0.092,3.134
294,true,false,true,true,false,false,false,false,false,20,9,583073,25.432,0.072,3.989
295,true,false,true,true,true,false,true,true,true,20,5,598704,16.668,0.068,2.208
296,true,true,true,true,true,false,false,false,true,20,5,569771,17.944,0.076,2.766
297,true,false,true,false,true,true,false,false,true,60,9,551167,26.192,0.076,4.278
298,true,false,true,true,true,false,true,true,true,20,1,613250,12.936,0.080,1.705
299,true,true,true,false,false,false,true,true,false,40,9,512577,20.920,0.048,2.684
3,true,false,true,true,false,true,true,true,true,60,5,595198,16.764,0.084,2.226
30,true,false,true,false,false,true,true,false,false,60,9,528096,26.572,0.068,3.891
300,true,true,true,true,true,false,false,false,true,20,1,591029,11.888,0.052,1.675
301,true,false,true,false,true,true,false,false,true,60,5,561062,19.772,0.116,3.377
302,true,true,true,false,true,true,true,true,true,20,9,516385,21.536,0.076,2.768
303,true,false,true,true,true,false,true,true,true,20,9,592547,21.300,0.052,2.734
304,true,true,true,false,true,true,true,true,true,20,5,522200,16.600,0.048,2.209
305,true,false,true,false,false,true,false,false,false,60,9,554058,26.372,0.080,4.388
306,true,true,true,false,true,true,true,true,true,20,1,534771,12.468,0.072,1.577
307,true,false,true,false,true,false,true,false,false,60,1,562382,13.256,0.084,1.713
308,true,false,true,false,true,false,true,false,false,60,5,542353,19.432,0.032,2.736
309,true,false,true,false,false,true,false,false,false,60,1,586158,13.196,0.076,2.112
31,true,true,true,false,true,true,true,false,true,40,9,506211,26.164,0.084,3.838
310,true,true,true,false,false,false,true,true,false,40,5,517557,15.984,0.044,2.065
311,true,false,true,false,false,true,false,false,false,60,5,564074,19.212,0.084,3.147
312,true,false,true,false,true,false,true,false,false,60,9,533323,26.136,0.036,3.734
313,true,true,true,false,false,false,true,true,false,40,1,528931,12.216,0.052,1.561
314,true,false,true,true,false,false,false,true,true,40,5,612155,16.460,0.044,2.533
315,true,false,true,false,true,false,true,false,false,20,9,533323,26.308,0.072,3.821
316,true,true,true,false,false,true,true,true,false,40,1,528813,12.336,0.056,1.557
317,true,false,true,true,false,true,true,false,true,60,1,604760,12.676,0.048,1.633
318,true,false,true,true,false,false,false,true,true,40,1,623524,12.732,0.056,1.956
319,true,true,true,false,false,true,true,true,false,40,5,520306,16.276,0.060,2.119
32,true,false,true,false,false,true,false,true,false,40,5,571070,17.148,0.080,2.589
320,true,false,true,false,true,false,true,true,true,60,1,560760,13.004,0.052,1.656
321,true,true,true,true,false,false,true,false,true,40,9,554915,24.908,0.056,3.565
322,true,true,true,false,false,true,true,true,false,40,9,513131,21.332,0.072,2.749
323,true,false,true,false,true,false,true,true,true,60,5,547481,17.252,0.068,2.265
324,true,false,true,true,false,true,true,false,true,60,9,577198,26.080,0.108,3.841
325,true,false,true,true,false,false,false,true,true,40,9,603954,20.868,0.060,3.025
326,true,false,true,false,true,false,true,true,true,60,9,542386,21.592,0.052,2.777
327,true,false,true,true,false,true,true,false,true,60,5,585214,18.992,0.064,2.739
328,true,true,true,true,false,true,false,true,true,40,9,587739,20.652,0.116,3.001
329,true,false,true,false,true,true,false,true,false,20,1,569238,13.228,0.044,1.788
33,true,true,true,false,true,true,true,false,true,40,5,513975,19.336,0.052,2.753
330,true,true,true,true,false,true,false,true,true,40,5,594056,15.656,0.096,2.342
331,true,true,true,true,false,true,false,true,true,40,1,605887,12.060,0.100,1.890
332,true,false,true,false,true,true,false,true,false,20,9,549779,22.112,0.104,3.079
333,true,false,true,false,true,true,false,true,false,20,5,557002,17.176,0.084,2.446
334,true,false,true,true,true,false,true,true,true,40,9,592547,21.192,0.056,2.730
335,true,true,true,false,false,false,true,true,false,20,9,512577,20.800,0.052,2.707
336,true,false,true,false,false,true,false,true,true,60,9,556819,21.780,0.076,3.273
337,true,false,true,true,true,false,true,true,true,40,5,598704,16.400,0.076,2.159
338,true,false,true,false,false,true,false,true,true,60,5,564647,17.140,0.068,2.700
339,true,false,true,false,false,true,false,true,true,60,1,576577,13.380,0.060,2.109
34,true,false,true,false,false,true,false,true,false,40,9,562902,21.508,0.060,3.029
340,true,true,true,true,false,false,true,false,true,60,1,585505,11.904,0.092,1.550
341,true,false,true,true,true,false,true,false,false,20,5,591647,18.844,0.048,2.670
342,true,false,true,false,false,true,false,false,false,40,5,560961,19.884,0.064,3.253
343,true,true,true,true,false,false,true,false,true,60,5,565102,18.216,0.096,2.600
344,true,false,true,false,false,true,false,false,false,40,9,552259,26.220,0.108,4.234
345,true,false,true,true,true,false,true,false,false,20,1,615379,12.896,0.048,1.679
346,true,true,true,false,false,false,true,true,false,20,5,517557,15.872,0.084,2.053
347,true,false,true,true,true,false,true,true,true,40,1,613250,12.688,0.056,1.632
348,true,false,true,false,true,false,true,false,false,40,1,562382,13.204,0.080,1.704
349,true,true,true,false,false,false,true,true,false,20,1,528931,12.500,0.068,1.618
35,true,true,true,false,true,true,true,false,true,40,1,534771,12.432,0.068,1.586
350,true,false,true,true,true,false,true,false,false,20,9,582261,25.784,0.060,3.662
351,true,false,true,false,true,false,true,false,false,40,5,542353,19.240,0.072,2.704
352,true,false,true,false,false,true,false,false,false,40,1,582274,13.136,0.068,1.990
353,true,false,true,true,false,true,true,true,false,40,5,596296,16.816,0.072,2.225
354,true,false,true,true,false,false,false,true,true,20,5,593243,16.180,0.076,2.295
355,true,false,true,true,false,true,true,true,false,40,9,590175,21.376,0.068,2.763
356,true,true,true,false,true,true,true,false,false,40,1,536435,12.408,0.052,1.580
357,true,false,true,true,false,false,false,true,true,20,1,602066,12.776,0.072,1.901
358,true,true,true,false,false,true,true,false,true,60,1,527814,12.644,0.068,1.616
359,true,true,true,true,false,false,true,false,true,20,5,565102,18.136,0.064,2.576
36,true,false,true,true,true,false,false,true,true,20,9,590369,20.992,0.060,2.889
360,true,true,true,false,false,true,true,false,true,60,5,508858,18.596,0.064,2.651
361,true,false,true,true,false,false,false,true,true,20,9,584866,20.716,0.072,2.833
362,true,true,true,true,false,false,true,false,true,20,9,554915,24.824,0.084,3.579
363,true,true,true,true,false,true,false,true,true,60,9,589890,20.864,0.116,3.195
364,true,false,true,false,true,true,false,false,true,40,1,580988,13.340,0.084,2.050
365,true,true,true,true,false,true,false,true,true,60,5,597292,16.076,0.072,2.561
366,true,false,true,false,false,false,false,false,false,40,1,581327,13.032,0.096,1.924
367,true,true,true,true,false,true,false,true,true,60,1,608649,12.084,0.052,2.005
368,true,false,true,false,false,false,false,false,false,40,5,559550,18.732,0.056,3.045
369,true,true,true,true,true,true,true,true,false,40,5,581445,15.924,0.056,2.070
37,true,false,true,true,true,false,true,false,true,40,1,613250,12.792,0.084,1.640
370,true,true,true,true,true,false,false,false,true,60,9,581201,24.992,0.068,4.128
371,true,false,true,false,true,true,false,false,true,20,5,539461,19.416,0.080,3.012
372,true,false,true,false,false,false,false,false,false,40,9,550769,25.576,0.104,4.149
373,true,false,true,false,false,false,false,true,true,60,1,575308,12.924,0.100,2.040
374,true,true,true,true,true,true,true,true,false,40,1,594666,11.956,0.056,1.532
375,true,false,true,false,false,true,false,true,true,40,9,553615,21.756,0.080,3.160
376,true,true,true,true,true,false,false,false,true,60,5,592105,18.252,0.072,3.101
377,true,false,true,false,true,true,false,false,true,20,1,560455,13.296,0.060,1.892
378,true,false,true,false,false,false,false,true,true,60,5,562205,16.672,0.056,2.666
379,true,false,true,false,false,true,false,true,true,40,5,561504,16.852,0.088,2.552
38,true,true,true,true,false,false,false,false,true,40,5,582778,18.360,0.104,3.011
380,true,true,true,true,true,false,false,false,true,60,1,615181,12.240,0.068,2.064
381,true,false,true,false,false,false,false,true,true,60,9,555078,21.424,0.100,3.259
382,true,false,true,false,false,true,false,true,true,40,1,574064,13.152,0.060,1.961
383,true,true,true,false,true,true,true,true,true,60,9,516385,21.544,0.084,2.806
384,true,false,true,false,true,true,false,false,true,20,9,530606,26.520,0.092,4.188
385,true,true,true,false,false,true,true,false,true,60,9,501570,26.068,0.060,3.846
386,true,true,true,true,false,false,true,false,true,40,1,585505,11.872,0.052,1.543
387,true,false,true,false,false,true,false,false,false,20,5,543910,19.256,0.116,3.005
388,true,true,true,false,true,true,true,true,true,60,5,522200,16.440,0.072,2.162
389,true,true,true,true,false,false,true,false,true,40,5,565102,17.980,0.060,2.547
39,true,true,true,false,true,true,false,true,true,20,1,536466,12.644,0.056,1.798
390,true,false,true,false,false,true,false,false,false,20,9,534702,26.240,0.076,4.115
391,true,true,true,false,true,true,true,true,true,60,1,534771,12.608,0.040,1.609
392,true,true,true,false,true,true,true,false,false,40,5,514487,18.760,0.056,2.653
393,true,false,true,false,false,true,false,false,false,20,1,561937,13.112,0.068,1.852
394,true,true,true,true,true,true,true,true,false,40,9,575475,21.260,0.060,2.752
395,true,true,true,false,true,true,true,false,false,40,9,507359,26.512,0.076,3.861
396,true,false,true,true,false,true,true,true,false,60,1,607516,12.708,0.072,1.642
397,true,false,true,true,false,true,true,true,false,20,1,607516,12.844,0.060,1.661
398,true,true,true,true,false,true,false,true,false,60,9,600105,20.560,0.060,3.005
399,true,false,true,true,false,true,true,true,false,20,5,596296,16.712,0.052,2.227
4,true,false,true,true,false,true,true,true,true,60,1,604760,12.728,0.040,1.649
40,true,false,true,true,true,false,false,true,true,20,5,598606,16.496,0.072,2.316
400,true,true,true,true,false,true,false,true,false,60,5,607423,15.864,0.112,2.430
401,true,true,true,true,false,true,false,true,false,60,1,617696,12.088,0.060,2.008
402,true,false,true,true,false,true,true,true,false,20,9,590175,21.520,0.076,2.801
403,true,true,true,false,false,true,true,false,true,40,1,527814,12.416,0.064,1.571
404,true,false,true,true,true,true,false,false,false,60,9,611331,26.284,0.060,4.319
405,true,false,true,false,false,false,false,false,false,60,1,584795,13.188,0.072,2.092
406,true,false,true,false,true,true,false,false,true,60,1,582621,13.192,0.092,2.095
407,true,false,true,false,false,false,false,false,false,60,5,562914,18.952,0.084,3.145
408,true,true,true,true,true,false,false,false,true,20,9,561260,25.216,0.072,3.878
409,true,false,true,false,false,true,false,true,true,20,9,536559,22.056,0.060,3.066
41,true,false,true,false,false,true,false,true,false,40,1,582274,13.216,0.064,1.980
410,true,true,true,true,true,false,false,false,true,40,9,577925,24.900,0.088,3.963
411,true,false,true,false,true,true,false,false,true,40,9,548836,26.516,0.092,4.297
412,true,false,true,false,false,false,false,false,false,60,9,553416,26.076,0.100,4.307
413,true,true,true,true,true,true,true,true,false,60,9,575475,20.932,0.076,2.693
414,true,false,true,false,false,true,false,true,true,20,5,543144,16.936,0.060,2.389
415,true,true,true,true,true,false,false,false,true,40,5,588740,17.912,0.084,2.910
416,true,false,true,false,true,true,false,false,true,40,5,557363,19.636,0.088,3.203
417,true,true,true,true,true,true,true,true,false,60,5,581445,16.004,0.060,2.091
418,true,false,true,false,false,true,false,true,true,20,1,554859,13.368,0.068,1.886
419,true,true,true,false,true,true,true,true,true,40,9,516385,21.384,0.060,2.735
42,true,true,true,true,false,false,false,false,true,40,1,604665,11.808,0.076,1.840
420,true,true,true,true,true,false,false,false,true,40,1,611389,12.144,0.064,1.929
421,true,true,true,true,true,true,true,true,false,60,1,594666,12.164,0.080,1.592
422,true,true,true,false,true,true,true,true,true,40,5,522200,16.520,0.076,2.146
423,true,true,true,false,false,false,true,true,false,60,1,528931,12.464,0.044,1.595
424,true,true,true,false,true,true,true,true,true,40,1,534771,12.540,0.080,1.596
425,true,true,true,false,false,true,true,false,true,40,5,508858,18.528,0.088,2.642
426,true,true,true,false,true,true,true,false,false,20,9,507359,26.172,0.096,3.803
427,true,true,true,false,false,true,true,false,true,40,9,501570,25.796,0.064,3.749
428,true,true,true,true,false,false,true,false,true,20,1,585505,11.872,0.068,1.543
429,true,true,true,false,false,false,true,true,false,60,9,512577,20.516,0.068,2.605
43,true,false,true,false,true,false,false,false,false,20,9,538227,25.952,0.108,4.020
430,true,true,true,false,true,true,true,false,false,20,1,536435,12.636,0.080,1.626
431,true,true,true,false,false,false,true,true,false,60,5,517557,16.104,0.092,2.098
432,true,false,true,true,false,true,true,true,false,40,1,607516,12.628,0.056,1.627
433,true,true,true,false,true,true,true,false,false,20,5,514487,18.864,0.084,2.678
434,true,true,true,false,true,false,false,true,false,60,9,545650,21.168,0.076,3.128
435,true,false,true,false,true,false,true,false,true,20,1,560760,12.964,0.068,1.673
436,true,true,true,false,true,true,true,true,false,60,1,536435,12.364,0.008,1.553
437,true,true,true,false,true,false,false,true,false,60,1,565895,12.656,0.112,2.047
438,true,false,true,false,true,false,true,false,true,20,5,539096,19.348,0.076,2.723
439,true,true,true,false,true,false,false,true,false,60,5,553764,16.032,0.100,2.414
44,true,false,true,true,true,false,false,true,true,20,1,610088,12.608,0.068,1.803
440,true,false,true,false,true,false,true,false,true,20,9,530820,26.232,0.060,3.761
441,true,true,true,false,false,true,true,false,true,20,1,527814,12.288,0.044,1.559
442,true,false,true,true,true,true,false,true,false,20,9,600494,21.796,0.112,3.033
443,true,false,true,true,true,true,false,true,false,20,5,608962,16.520,0.060,2.353
444,true,false,true,true,true,true,false,false,false,40,9,608039,26.160,0.072,4.232
445,true,false,true,true,true,true,false,false,false,60,1,644789,12.964,0.088,2.113
446,true,true,true,true,true,true,true,false,false,20,5,571665,19.092,0.052,2.726
447,true,false,true,true,true,true,false,false,false,60,5,621698,19.276,0.096,3.229
448,true,true,true,true,true,true,true,false,false,20,1,594666,12.084,0.052,1.542
449,true,true,true,true,false,false,true,true,false,60,1,585429,12.000,0.064,1.551
45,true,false,true,true,true,false,false,true,true,40,1,630542,12.828,0.052,1.971
450,true,false,true,false,false,true,false,false,true,20,9,525602,26.140,0.080,4.025
451,true,false,true,false,false,true,false,false,true,20,5,534103,19.512,0.092,3.047
452,true,false,true,true,true,true,false,true,false,40,1,640906,13.056,0.084,2.016
453,true,false,true,false,false,true,false,false,true,20,1,554859,13.112,0.088,1.875
454,true,true,true,false,false,true,true,false,true,20,5,508858,18.664,0.076,2.659
455,true,true,true,false,false,true,true,false,true,20,9,501570,25.820,0.088,3.799
456,true,true,true,false,true,true,true,true,false,60,5,525400,16.620,0.060,2.160
457,true,true,true,true,false,false,true,true,false,60,5,576000,15.784,0.040,2.095
458,true,true,true,true,true,true,true,false,false,20,9,563119,25.548,0.060,3.711
459,true,true,true,false,true,true,true,true,false,60,9,518007,21.096,0.084,2.710
46,true,true,true,false,true,false,false,true,true,60,1,557486,12.532,0.060,2.044
460,true,true,true,true,false,false,true,true,false,60,9,569875,20.292,0.076,2.628
461,true,true,true,false,true,false,false,true,false,40,5,550374,16.196,0.096,2.396
462,true,false,true,true,false,true,true,true,false,60,5,596296,16.900,0.068,2.250
463,true,true,true,false,true,false,false,false,false,60,9,534961,25.576,0.116,4.250
464,true,true,true,false,true,false,false,true,false,40,9,543670,21.024,0.084,2.988
465,true,true,true,false,true,true,true,false,false,60,1,536435,12.332,0.052,1.548
466,true,false,true,true,false,true,true,true,false,60,9,590175,21.416,0.036,2.750
467,true,true,true,false,true,false,false,false,false,60,5,544509,18.560,0.100,3.075
468,true,true,true,false,true,false,false,false,false,60,1,565895,12.268,0.076,1.857
469,true,true,true,false,true,false,false,true,false,40,1,562667,12.628,0.104,1.961
47,true,false,true,true,false,true,true,true,true,40,5,595198,16.804,0.060,2.188
470,true,false,true,true,false,false,false,true,false,60,1,636327,12.640,0.076,1.989
471,true,false,true,true,true,true,false,true,true,60,5,621825,17.120,0.092,2.713
472,true,false,true,true,false,false,false,true,false,60,5,626276,16.672,0.108,2.629
473,true,false,true,true,true,true,false,true,true,60,9,613365,21.476,0.068,3.239
474,true,false,true,true,true,true,false,false,false,20,5,599325,19.632,0.088,3.049
475,true,false,true,true,false,false,false,true,false,60,9,617113,21.464,0.116,3.246
476,true,false,true,true,true,true,false,false,false,20,9,589193,26.096,0.076,4.087
477,true,false,true,true,true,true,false,true,true,60,1,634489,13.040,0.092,2.142
478,true,false,true,true,true,true,false,false,false,40,1,640906,13.000,0.072,2.056
479,true,true,true,true,true,true,true,false,false,40,9,563119,25.820,0.060,3.761
48,true,true,true,false,false,true,true,true,true,60,1,527814,12.316,0.056,1.578
480,true,true,true,true,true,true,true,true,false,20,5,581445,16.020,0.092,2.112
481,true,false,true,true,true,true,false,false,false,40,5,618780,19.396,0.060,3.183
482,true,true,true,true,true,true,true,true,false,20,1,594666,11.996,0.048,1.544
483,true,true,true,true,true,true,true,false,false,40,5,571665,19.000,0.048,2.692
484,true,false,true,true,true,true,false,true,false,20,1,619126,12.668,0.108,1.862
485,true,true,true,true,true,true,true,false,false,40,1,594666,12.104,0.056,1.576
486,true,true,true,false,true,true,true,true,false,40,9,518007,21.512,0.072,2.758
487,true,true,true,true,true,true,true,true,true,60,9,572831,20.764,0.076,2.664
488,true,true,true,true,true,true,true,true,true,60,5,579585,16.116,0.060,2.091
489,true,true,true,false,true,true,true,false,false,60,5,514487,19.088,0.052,2.740
49,true,false,true,true,false,true,true,true,true,40,1,604760,12.788,0.076,1.670
490,true,true,true,false,true,true,true,true,false,40,1,536435,12.632,0.044,1.630
491,true,true,true,true,true,true,true,true,true,60,1,592184,11.912,0.052,1.526
492,true,true,true,false,true,true,true,false,false,60,9,507359,26.156,0.096,3.791
493,true,true,true,false,true,true,true,true,false,40,5,525400,16.308,0.032,2.113
494,true,true,true,true,true,true,true,true,false,20,9,575475,21.552,0.052,2.760
495,true,false,true,false,true,false,true,false,true,60,1,560760,13.260,0.048,1.697
496,true,true,true,false,true,false,false,true,false,20,5,533360,16.136,0.072,2.253
497,true,false,true,false,true,false,true,true,true,40,1,560760,13.192,0.064,1.707
498,true,false,true,false,true,false,true,false,true,60,5,539096,19.620,0.084,2.786
499,true,true,true,false,true,false,false,true,false,20,9,524911,20.684,0.092,2.826
5,true,false,true,true,true,true,true,false,true,40,9,580149,26.328,0.096,3.865
50,true,false,true,false,true,true,false,false,false,40,5,566379,19.584,0.080,3.178
500,true,true,true,false,true,false,false,false,false,40,9,533113,25.104,0.060,3.998
501,true,false,true,false,true,false,true,false,true,60,9,530820,26.060,0.036,3.732
502,true,false,true,false,true,false,true,true,true,40,5,547481,16.624,0.060,2.150
503,true,false,true,true,true,true,false,true,true,40,9,610903,21.384,0.092,3.098
504,true,true,true,false,true,false,false,false,false,40,5,542188,19.064,0.088,3.070
505,true,false,true,false,true,false,true,true,true,40,9,542386,21.664,0.068,2.816
506,true,true,true,false,true,false,false,true,false,20,1,544081,12.288,0.076,1.737
507,true,true,true,false,true,false,false,false,false,40,1,562667,12.492,0.088,1.857
508,true,false,true,true,true,true,false,false,true,60,5,612074,19.504,0.072,3.307
509,true,false,true,false,true,true,false,true,false,40,1,589674,13.312,0.068,2.054
51,true,false,true,true,true,true,true,false,true,60,9,580149,26.792,0.060,3.946
510,true,false,true,true,true,true,false,true,true,40,1,632165,12.860,0.052,1.956
511,true,false,true,false,true,true,false,false,false,60,5,569985,19.696,0.060,3.301
512,true,false,true,true,false,false,false,false,false,60,1,636327,12.540,0.072,1.920
513,true,true,true,false,true,false,false,false,true,20,9,506391,25.236,0.080,3.857
514,true,false,true,true,true,true,false,true,true,40,5,619888,16.884,0.084,2.568
515,true,false,true,true,true,true,false,false,true,60,9,601638,26.032,0.108,4.322
516,true,false,true,false,true,true,false,false,false,60,1,592314,13.316,0.072,2.027
517,true,false,true,true,false,false,false,true,false,40,1,632193,12.812,0.072,2.045
518,true,false,true,true,false,false,false,false,false,60,5,614445,18.736,0.052,3.129
519,true,true,true,false,true,false,false,false,true,20,5,513905,18.384,0.092,2.798
52,true,false,true,false,true,true,false,false,false,40,1,589674,13.512,0.088,2.071
520,true,false,true,false,true,true,false,true,false,40,9,567815,21.712,0.088,3.131
521,true,false,true,true,false,false,false,true,false,40,5,622396,16.200,0.064,2.434
522,true,false,true,true,false,false,false,false,false,60,9,604676,25.408,0.108,4.193
523,true,true,true,false,true,false,false,false,true,20,1,535154,12.300,0.072,1.749
524,true,false,true,true,true,true,false,false,true,60,1,634489,12.780,0.076,2.079
525,true,false,true,false,true,true,false,true,false,40,5,575783,17.356,0.112,2.603
526,true,false,true,false,true,true,false,false,false,60,9,558935,26.744,0.076,4.339
527,true,false,true,true,false,false,false,true,false,40,9,613803,21.216,0.088,3.062
528,true,false,true,true,true,true,false,false,false,20,1,619126,12.756,0.048,1.823
529,true,true,true,true,false,false,true,false,false,40,1,585429,12.048,0.028,1.567
53,true,false,true,true,true,true,true,false,true,60,5,590769,18.992,0.064,2.720
530,true,true,true,true,false,false,true,true,false,20,9,569875,20.652,0.048,2.727
531,true,true,true,true,true,true,true,true,true,40,9,572831,21.136,0.052,2.706
532,true,true,true,true,true,true,true,true,true,40,5,579585,16.076,0.108,2.089
533,true,true,true,true,true,true,true,false,true,60,9,561609,25.904,0.052,3.781
534,true,false,true,false,true,false,true,false,false,20,1,562382,13.012,0.076,1.665
535,true,true,true,true,true,true,true,true,true,40,1,592184,12.184,0.056,1.573
536,true,true,true,true,true,true,true,false,true,60,5,569819,18.444,0.056,2.650
537,true,true,true,true,false,false,true,true,false,20,1,585429,11.928,0.072,1.558
538,true,true,true,true,false,false,true,false,false,40,5,565982,17.980,0.076,2.530
539,true,false,true,false,true,false,true,false,false,20,5,542353,19.640,0.064,2.772
54,true,true,true,true,false,true,false,false,true,60,9,577624,25.472,0.092,4.229
540,true,true,true,true,false,false,true,true,false,20,5,576000,16.140,0.072,2.146
541,true,true,true,true,true,true,true,false,true,60,1,592184,11.988,0.056,1.538
542,true,true,true,true,false,false,true,false,false,40,9,559072,24.848,0.080,3.567
543,true,true,true,false,true,false,false,false,false,20,9,516046,24.984,0.072,3.869
544,true,true,true,false,true,false,false,false,true,40,1,554300,12.316,0.068,1.877
545,true,true,true,false,true,false,false,false,false,20,5,524140,18.404,0.080,2.826
546,true,false,true,false,true,false,true,false,true,40,1,560760,12.960,0.092,1.652
547,true,true,true,true,false,false,true,true,true,60,9,567648,20.408,0.044,2.621
548,true,true,true,false,true,false,false,false,false,20,1,544081,12.364,0.060,1.725
549,true,false,true,false,true,false,true,true,true,20,1,560760,13.272,0.072,1.752
55,true,false,true,true,false,true,true,true,true,40,9,588864,21.372,0.060,2.753
550,true,false,true,false,true,false,true,false,true,40,5,539096,19.112,0.060,2.680
551,true,false,true,true,true,true,false,true,true,20,9,592906,22.168,0.048,3.102
552,true,false,true,false,true,false,true,false,true,40,9,530820,26.272,0.076,3.778
553,true,false,true,false,true,false,true,true,true,20,5,547481,16.668,0.052,2.165
554,true,false,true,true,false,false,false,false,false,40,1,632193,12.632,0.060,1.952
555,true,false,true,false,true,false,true,true,true,20,9,542386,21.504,0.072,2.768
556,true,false,true,false,true,true,false,true,false,60,5,578407,16.928,0.076,2.549
557,true,false,true,true,true,true,false,false,true,40,5,608240,18.836,0.084,3.001
558,true,false,true,true,true,true,false,true,true,20,1,609813,12.732,0.036,1.803
559,true,false,true,true,false,false,false,false,false,40,5,611872,18.776,0.080,3.115
56,true,true,true,true,false,true,true,false,false,20,1,587228,11.848,0.052,1.515
560,true,false,true,true,false,false,false,true,false,20,1,611165,12.452,0.060,1.773
561,true,true,true,false,true,false,false,true,true,20,9,517169,20.512,0.072,2.783
562,true,false,true,true,true,true,false,true,true,20,5,600148,16.672,0.052,2.298
563,true,false,true,false,true,true,false,true,false,60,1,592314,13.272,0.092,2.089
564,true,false,true,true,true,true,false,false,true,40,9,598678,26.208,0.076,4.191
565,true,false,true,true,false,false,false,true,false,20,5,602651,16.176,0.064,2.311
566,true,false,true,true,false,false,false,false,false,40,9,601712,25.296,0.084,4.031
567,true,true,true,false,true,false,false,true,true,20,5,523694,16.276,0.112,2.292
568,true,true,true,false,true,false,false,false,true,40,9,524648,25.056,0.088,3.959
569,true,false,true,true,false,false,false,true,false,20,9,595420,21.376,0.084,2.986
57,true,true,true,false,true,false,true,true,false,20,1,537248,12.616,0.040,1.607
570,true,true,true,false,true,false,false,false,true,40,5,533130,18.328,0.068,2.937
571,true,true,true,false,true,false,false,true,true,20,1,535154,12.336,0.052,1.674
572,true,false,true,true,true,true,false,false,true,40,1,632165,13.168,0.068,2.053
573,true,false,true,false,true,true,false,true,false,60,9,569728,22.168,0.096,3.289
574,true,true,true,true,false,false,true,false,false,60,1,585429,11.952,0.044,1.535
575,true,true,true,true,true,true,true,true,true,20,9,572831,20.896,0.076,2.678
576,true,true,true,true,false,false,true,true,false,40,9,569875,20.748,0.056,2.695
577,true,true,true,true,true,true,true,false,true,40,9,561609,25.448,0.068,3.696
578,true,true,true,true,true,true,true,true,true,20,5,579585,15.844,0.068,2.044
579,true,true,true,true,true,true,true,false,true,40,5,569819,18.816,0.096,2.705
58,true,false,true,true,true,true,true,false,true,60,1,612575,12.692,0.072,1.657
580,true,true,true,true,false,false,true,true,false,40,1,585429,11.828,0.052,1.505
581,true,true,true,true,true,true,true,true,true,20,1,592184,12.096,0.068,1.559
582,true,true,true,true,false,false,true,false,false,60,5,565982,18.008,0.060,2.538
583,true,true,true,true,false,false,true,true,false,40,5,576000,15.964,0.056,2.100
584,true,true,true,true,true,true,true,false,true,40,1,592184,12.100,0.052,1.565
585,true,true,true,true,false,false,true,false,false,60,9,559072,25.020,0.056,3.575
586,true,false,true,true,false,true,true,false,false,20,5,586765,19.100,0.088,2.734
587,true,true,true,false,false,true,true,false,false,40,1,528813,12.536,0.048,1.609
588,true,true,true,false,false,false,false,true,false,20,9,519575,20.436,0.068,2.797
589,true,false,true,false,true,false,true,true,false,20,5,548683,16.724,0.072,2.199
59,true,true,true,false,true,false,false,true,true,60,9,537320,20.836,0.088,3.126
590,true,true,true,false,false,true,true,false,false,40,5,510727,19.120,0.084,2.765
591,true,false,true,true,false,true,true,false,false,20,9,577890,26.340,0.092,3.872
592,true,true,true,true,true,false,true,false,true,20,9,561346,25.072,0.064,3.587
593,true,false,true,false,true,false,true,true,false,20,9,542717,21.392,0.068,2.758
594,true,true,true,false,false,true,true,false,false,40,9,503471,25.928,0.064,3.788
595,true,true,true,true,false,false,true,true,true,40,5,575229,15.512,0.072,2.038
596,true,true,true,true,false,false,true,true,true,40,9,567648,20.360,0.100,2.633
597,true,false,true,true,false,false,true,false,false,40,9,576167,25.572,0.076,3.657
598,true,false,true,false,true,true,false,true,true,60,1,582621,13.060,0.096,2.091
599,true,false,true,true,false,false,true,false,false,40,1,605767,12.764,0.064,1.667
6,true,false,true,false,true,true,false,false,false,20,1,569238,13.124,0.080,1.863
60,true,true,true,true,false,true,false,false,true,60,5,589007,18.728,0.076,3.185
600,true,true,true,true,true,false,true,false,true,20,5,569636,18.240,0.056,2.583
601,true,false,true,true,false,false,true,false,false,40,5,585380,18.752,0.076,2.653
602,true,true,true,true,true,false,true,false,true,20,1,592321,11.976,0.044,1.560
603,true,false,true,false,true,true,false,true,true,40,5,566341,17.172,0.104,2.593
604,true,false,true,false,true,true,false,true,true,40,1,580988,13.496,0.048,2.110
605,true,true,true,true,false,true,true,true,true,20,1,584583,11.824,0.060,1.517
606,true,true,true,true,false,true,true,true,true,20,5,575664,15.840,0.068,2.067
607,true,false,true,false,true,true,false,true,true,40,9,559691,21.624,0.092,3.126
608,true,true,true,true,false,false,true,true,true,60,1,585505,11.792,0.060,1.513
609,true,true,true,true,true,true,true,false,true,20,9,561609,25.580,0.092,3.729
61,true,true,true,true,false,true,true,false,false,20,5,568001,18.408,0.048,2.626
610,true,true,true,true,false,true,true,true,true,20,9,567750,21.156,0.080,2.737
611,true,true,true,false,false,false,true,false,false,60,1,528931,12.240,0.056,1.568
612,true,true,true,true,false,false,true,true,true,60,5,575229,15.876,0.052,2.100
613,true,true,true,true,true,true,true,false,true,20,5,569819,18.264,0.060,2.609
614,true,true,true,false,false,false,false,true,false,40,1,555611,12.512,0.092,1.937
615,true,false,true,false,true,false,true,true,false,40,1,562382,12.972,0.048,1.647
616,true,true,true,true,true,true,true,false,true,20,1,592184,11.932,0.040,1.530
617,true,true,true,false,false,false,false,true,false,40,5,544848,16.164,0.100,2.372
618,true,true,true,false,false,false,true,false,false,60,9,502912,25.512,0.068,3.668
619,true,false,true,false,true,false,true,true,false,40,5,548683,16.988,0.060,2.230
62,true,false,true,false,true,true,false,false,false,40,9,557567,26.284,0.080,4.245
620,true,false,true,true,false,true,true,false,false,40,1,607516,12.752,0.072,1.632
621,true,true,true,false,false,false,true,false,false,60,5,509447,18.576,0.056,2.611
622,true,true,true,false,false,false,false,true,false,40,9,537735,21.124,0.064,3.077
623,true,false,true,true,false,false,false,false,true,60,9,594822,25.380,0.080,4.198
624,true,true,true,false,false,true,true,false,false,60,5,510727,18.880,0.084,2.681
625,true,false,true,true,false,false,false,false,true,60,5,606177,18.808,0.076,3.230
626,true,true,true,false,false,true,true,false,false,60,9,503471,26.068,0.092,3.785
627,true,true,true,true,false,false,true,true,true,20,5,575229,15.808,0.048,2.060
628,true,true,true,true,false,false,true,true,true,20,9,567648,20.332,0.108,2.627
629,true,false,true,true,false,true,false,false,true,40,9,593507,26.616,0.088,4.226
63,true,true,true,false,true,false,true,true,false,20,5,524220,16.504,0.084,2.169
630,true,false,true,true,false,false,true,false,false,20,5,585380,18.932,0.072,2.689
631,true,false,true,false,true,true,true,true,false,20,5,550180,17.340,0.056,2.274
632,true,true,true,false,false,true,false,true,false,20,9,521754,20.768,0.084,2.805
633,true,false,true,false,true,true,true,true,false,20,9,544109,21.964,0.060,2.867
634,true,false,true,true,false,false,true,false,false,20,9,576167,25.432,0.092,3.647
635,true,false,true,true,false,false,false,false,true,60,1,626779,12.980,0.084,2.147
636,true,true,true,false,false,true,false,true,false,20,1,537277,12.408,0.056,1.704
637,true,false,true,true,false,false,true,false,false,20,1,605767,12.764,0.056,1.658
638,true,false,true,false,true,true,true,true,false,20,1,563622,13.316,0.052,1.716
639,true,true,true,false,false,true,false,true,false,20,5,528491,15.940,0.060,2.201
64,true,true,true,false,true,false,false,true,true,60,5,544184,16.396,0.080,2.575
640,true,true,true,false,false,true,true,false,false,60,1,528813,12.272,0.048,1.559
641,true,false,true,false,true,true,false,true,true,60,9,562481,22.100,0.100,3.325
642,true,false,true,false,true,true,false,true,true,60,5,569055,17.120,0.124,2.722
643,true,true,true,true,false,true,true,true,true,40,1,584583,11.980,0.060,1.548
644,true,true,true,true,false,true,true,true,true,40,5,575664,15.844,0.052,2.067
645,true,true,true,true,false,true,true,true,true,40,9,567750,21.056,0.088,2.737
646,true,false,true,true,false,true,false,false,true,60,9,597309,26.152,0.096,4.291
647,true,true,true,false,false,false,true,false,false,40,1,528931,12.460,0.064,1.604
648,true,false,true,false,true,false,false,true,true,60,9,560119,21.468,0.112,3.213
649,true,false,true,true,false,true,false,false,true,60,5,606613,19.312,0.060,3.310
65,true,true,true,true,false,true,false,false,true,60,1,608649,12.256,0.088,2.043
650,true,false,true,false,true,false,false,true,true,60,5,566411,17.108,0.084,2.764
651,true,true,true,true,false,false,true,true,true,40,1,585505,12.048,0.056,1.572
652,true,false,true,true,false,true,false,false,true,60,1,628067,13.008,0.084,2.063
653,true,true,true,false,false,false,true,false,false,40,9,502912,25.520,0.076,3.714
654,true,true,true,false,false,false,false,true,false,20,1,536565,12.200,0.060,1.731
655,true,false,true,false,true,false,false,true,true,60,1,581482,13.128,0.064,2.111
656,true,false,true,true,false,true,true,false,false,20,1,607516,12.728,0.052,1.634
657,true,true,true,false,false,false,false,true,false,20,5,527114,15.988,0.064,2.263
658,true,true,true,false,false,false,true,false,false,40,5,509447,18.540,0.056,2.593
659,true,false,true,false,true,false,true,true,false,20,1,562382,13.364,0.072,1.716
66,true,true,true,true,false,true,true,false,false,20,9,557838,25.600,0.088,3.738
660,true,true,true,true,true,true,false,true,false,40,1,622149,12.200,0.116,1.932
661,true,false,true,true,false,true,true,false,false,60,9,577890,26.104,0.056,3.814
662,true,false,true,false,true,false,true,true,false,60,9,542717,21.232,0.100,2.741
663,true,false,true,true,false,false,false,false,true,40,9,592640,25.680,0.080,4.208
664,true,false,true,true,true,false,false,false,false,20,9,588368,25.648,0.128,4.027
665,true,false,true,true,false,false,false,false,true,40,5,602367,18.664,0.104,3.037
666,true,true,true,true,true,true,false,true,false,40,9,601868,21.040,0.080,3.027
667,true,false,true,true,true,false,false,false,false,20,5,597814,18.540,0.092,2.843
668,true,false,true,false,true,true,true,false,true,40,9,531663,26.932,0.084,3.959
669,true,false,true,true,true,false,false,false,false,20,1,617991,12.748,0.056,1.819
67,true,false,true,false,true,false,false,false,false,40,5,564167,19.376,0.096,3.139
670,true,true,true,true,true,true,false,true,false,40,5,610118,16.164,0.072,2.423
671,true,false,true,false,true,true,true,false,true,40,5,538762,19.828,0.092,2.829
672,true,true,true,false,false,true,false,false,true,40,9,519242,25.804,0.080,4.155
673,true,false,true,false,true,true,true,false,true,40,1,561576,13.172,0.040,1.690
674,true,true,true,true,true,false,true,false,true,60,1,592321,12.140,0.048,1.587
675,true,true,true,false,false,true,false,false,true,40,5,528142,18.952,0.064,3.106
676,true,true,true,false,false,true,false,false,true,40,1,546551,12.628,0.056,1.962
677,true,false,true,true,false,false,false,false,true,40,1,623524,12.720,0.100,2.008
678,true,true,true,true,true,false,true,false,true,60,9,561346,25.064,0.072,3.597
679,true,true,true,true,true,false,false,true,true,20,9,571805,20.416,0.056,2.719
68,true,true,true,false,true,false,true,true,false,20,9,518333,21.068,0.060,2.705
680,true,true,true,true,true,false,true,false,true,60,5,569636,18.244,0.056,2.553
681,true,true,true,true,true,true,true,false,false,60,9,563119,25.604,0.072,3.736
682,true,true,true,true,true,false,false,true,true,40,5,597934,15.856,0.108,2.415
683,true,true,true,true,true,true,true,false,false,60,5,571665,18.700,0.080,2.681
684,true,true,true,true,true,false,false,true,true,40,1,611389,11.944,0.088,1.816
685,true,true,true,true,false,true,true,true,true,60,1,584583,12.000,0.032,1.550
686,true,true,true,false,true,true,false,false,false,40,1,563033,12.520,0.056,1.889
687,true,true,true,true,true,true,true,false,false,60,1,594666,12.148,0.040,1.573
688,true,true,true,true,false,true,true,true,true,60,5,575664,15.864,0.044,2.069
689,true,true,true,true,false,true,true,true,true,60,9,567750,20.668,0.084,2.639
69,true,true,true,false,false,false,true,true,true,60,9,511690,20.876,0.040,2.701
690,true,true,true,false,true,true,false,false,false,40,9,533994,25.908,0.100,4.194
691,true,true,true,false,true,true,false,false,false,40,5,543385,18.852,0.088,3.045
692,true,true,true,true,false,false,true,true,true,20,1,585505,11.992,0.092,1.551
693,true,false,true,true,false,true,false,true,false,20,9,597059,21.328,0.088,2.934
694,true,false,true,true,false,true,false,true,false,20,5,603904,16.744,0.072,2.382
695,true,false,true,true,false,true,false,true,false,20,1,612299,12.928,0.064,1.851
696,true,false,true,true,false,false,false,false,true,20,5,584021,19.108,0.064,2.968
697,true,false,true,false,true,false,true,true,false,40,9,542717,21.412,0.056,2.763
698,true,true,true,true,true,true,false,true,false,60,1,623958,12.244,0.108,1.981
699,true,true,true,false,false,true,true,false,false,20,1,528813,12.472,0.052,1.591
7,true,true,true,false,true,false,false,true,true,40,9,533976,21.032,0.072,3.020
70,true,false,true,false,true,false,false,false,false,40,1,587184,13.392,0.076,2.076
700,true,false,true,true,false,true,true,false,false,40,5,586765,18.992,0.052,2.712
701,true,false,true,true,false,false,false,false,true,20,1,602066,12.564,0.068,1.815
702,true,true,true,true,true,false,true,false,true,40,9,561346,25.132,0.096,3.596
703,true,true,true,false,false,true,true,false,false,20,5,510727,18.556,0.060,2.640
704,true,false,true,true,false,true,true,false,false,40,9,577890,26.188,0.096,3.838
705,true,false,true,false,true,true,true,false,true,60,9,531663,26.412,0.076,3.826
706,true,true,true,false,false,true,true,false,false,20,9,503471,26.168,0.096,3.801
707,true,true,true,true,true,true,false,true,false,60,9,603535,21.196,0.044,3.132
708,true,false,true,false,true,true,true,false,true,60,5,538762,19.944,0.080,2.851
709,true,false,true,true,false,false,false,false,true,20,9,573350,25.492,0.064,3.922
71,true,false,true,false,false,true,true,false,false,40,1,555442,13.056,0.056,1.662
710,true,true,true,false,false,true,false,false,true,60,9,521744,25.688,0.140,4.187
711,true,true,true,true,true,true,false,true,false,60,5,613205,16.044,0.064,2.444
712,true,false,true,false,true,true,true,false,true,60,1,561576,13.076,0.080,1.675
713,true,true,true,false,false,true,false,false,true,60,5,530857,19.020,0.080,3.199
714,true,true,true,false,false,true,false,false,true,60,1,549857,12.396,0.048,2.010
715,true,true,true,true,true,false,true,false,true,40,5,569636,18.152,0.072,2.585
716,true,true,true,true,true,false,true,false,true,40,1,592321,12.048,0.028,1.556
717,true,true,true,true,true,false,false,true,true,20,5,578934,15.968,0.060,2.291
718,true,false,true,false,true,true,false,true,true,20,5,548379,17.028,0.076,2.402
719,true,false,true,true,false,true,false,true,false,40,1,633420,13.100,0.072,2.067
72,true,false,true,true,true,false,true,false,true,60,9,579902,26.008,0.056,3.750
720,true,true,true,true,true,false,false,true,true,20,1,591029,12.084,0.068,1.751
721,true,false,true,false,true,true,false,true,true,20,1,560455,13.092,0.036,1.797
722,true,true,true,false,true,true,false,false,false,20,1,544312,12.660,0.064,1.806
723,true,false,true,false,true,true,false,true,true,20,9,542370,21.544,0.104,2.960
724,true,true,true,false,true,true,false,false,false,20,9,516269,25.380,0.068,3.896
725,true,true,true,false,false,false,false,true,false,60,1,558516,12.428,0.084,1.988
726,true,true,true,false,true,true,false,false,false,20,5,525130,18.848,0.076,2.908
727,true,false,true,true,false,true,true,false,false,60,1,607516,12.836,0.036,1.664
728,true,true,true,false,false,false,false,true,false,60,5,547995,15.864,0.104,2.410
729,true,false,true,true,false,true,false,true,false,40,9,615319,21.216,0.088,3.048
73,true,true,true,false,true,true,true,false,true,20,9,506211,26.120,0.076,3.803
730,true,false,true,false,true,false,true,true,false,60,1,562382,13.280,0.020,1.715
731,true,false,true,true,false,true,true,false,false,60,5,586765,19.080,0.072,2.742
732,true,true,true,false,false,false,false,true,false,60,9,540421,20.584,0.048,2.986
733,true,false,true,true,false,true,false,true,false,40,5,623913,16.664,0.072,2.453
734,true,false,true,false,true,false,true,true,false,60,5,548683,16.928,0.088,2.239
735,true,false,true,false,false,false,true,true,true,40,1,553853,13.244,0.048,1.707
736,true,true,true,false,false,false,false,false,true,20,1,528634,12.220,0.044,1.667
737,true,false,true,false,false,false,true,true,true,40,5,542799,16.580,0.056,2.178
738,true,true,true,false,false,false,false,false,true,20,5,509135,18.256,0.092,2.785
739,true,false,true,true,true,false,false,false,false,60,9,609645,25.784,0.116,4.312
74,true,false,true,false,false,true,true,false,false,40,5,536045,20.136,0.092,2.938
740,true,true,true,false,false,false,false,false,true,20,9,501339,25.160,0.072,3.858
741,true,false,true,true,true,false,false,false,false,60,5,619503,18.508,0.108,3.088
742,true,false,true,true,true,false,false,false,false,60,1,642562,12.788,0.068,2.009
743,true,true,true,true,true,false,true,false,false,40,5,571854,18.220,0.048,2.558
744,true,true,true,true,true,false,true,true,false,20,1,593774,11.924,0.068,1.551
745,true,true,true,true,true,false,true,false,false,40,9,561947,25.036,0.100,3.579
746,true,true,true,true,true,false,true,true,false,20,5,581021,15.992,0.068,2.115
747,true,false,true,false,false,true,true,true,true,20,1,554290,13.152,0.076,1.681
748,true,false,true,false,false,true,true,true,true,20,5,543048,16.920,0.092,2.216
749,true,true,true,true,true,false,true,true,false,20,9,574832,20.836,0.040,2.697
75,true,false,true,false,false,true,false,true,false,20,9,545673,21.516,0.084,2.980
750,true,false,true,false,false,true,true,true,true,20,9,537116,21.976,0.048,2.856
751,true,true,true,false,false,false,true,false,true,20,5,508324,18.816,0.080,2.660
752,true,true,true,false,false,false,true,false,true,20,9,500865,25.284,0.048,3.601
753,true,true,true,true,true,false,true,false,false,60,1,593774,11.976,0.056,1.534
754,true,true,true,false,false,false,true,false,true,20,1,526015,12.336,0.064,1.571
755,true,true,true,true,true,false,true,false,false,60,5,571854,18.260,0.068,2.553
756,true,true,true,true,true,false,true,true,false,40,1,593774,12.096,0.056,1.574
757,true,false,true,false,false,false,true,true,true,20,9,536627,21.196,0.052,2.698
758,true,false,true,false,false,false,true,true,true,60,5,542799,16.624,0.076,2.197
759,true,false,true,false,true,true,true,false,true,20,9,531663,26.828,0.032,3.962
76,true,true,true,false,false,false,true,true,true,60,1,526015,12.328,0.056,1.587
760,true,false,true,true,true,false,false,false,false,40,9,606623,25.520,0.076,4.124
761,true,false,true,false,false,false,true,true,true,60,9,536627,21.344,0.080,2.752
762,true,false,true,false,true,true,true,false,true,20,5,538762,19.596,0.056,2.811
763,true,false,true,true,true,false,false,false,false,40,5,617554,19.436,0.064,3.192
764,true,false,true,false,true,true,true,false,true,20,1,561576,13.352,0.052,1.737
765,true,false,true,true,true,false,false,false,false,40,1,639688,13.036,0.108,2.034
766,true,false,true,false,false,false,true,true,true,60,1,553853,13.184,0.040,1.714
767,true,false,true,false,false,true,true,true,true,40,1,554290,12.952,0.048,1.671
768,true,true,true,true,true,false,true,false,false,20,5,571854,18.408,0.084,2.604
769,true,false,true,false,false,true,true,true,true,40,5,543048,17.204,0.040,2.267
77,true,false,true,false,false,true,true,false,false,40,9,528096,26.360,0.052,3.889
770,true,true,true,true,true,false,true,false,false,20,9,561947,25.052,0.084,3.604
771,true,false,true,false,false,true,true,true,true,40,9,537116,21.984,0.040,2.854
772,true,false,true,false,false,false,false,false,false,20,1,561741,12.960,0.120,1.858
773,true,true,true,true,true,false,false,true,true,40,9,590147,20.424,0.084,2.945
774,true,true,true,true,true,false,false,true,true,60,9,594008,20.336,0.080,3.055
775,true,false,true,false,false,false,false,false,false,20,5,542787,19.280,0.092,3.028
776,true,true,true,true,true,false,false,true,true,60,5,601803,15.996,0.124,2.567
777,true,false,true,false,false,false,false,false,false,20,9,533791,25.712,0.060,4.002
778,true,true,true,true,true,false,false,true,true,60,1,615181,12.284,0.084,2.034
779,true,true,true,true,true,false,false,true,false,20,9,579560,20.544,0.072,2.831
78,true,true,true,false,true,true,true,false,true,20,5,513975,18.876,0.060,2.715
780,true,true,true,true,true,false,false,true,false,20,5,588605,15.720,0.052,2.179
781,true,true,true,true,true,false,true,false,false,40,1,593774,12.140,0.032,1.569
782,true,true,true,true,true,false,false,true,false,20,1,599520,11.972,0.064,1.737
783,true,false,true,false,false,false,true,true,true,40,9,536627,21.344,0.080,2.749
784,true,true,true,false,false,false,false,true,true,40,1,546568,12.308,0.092,1.887
785,true,true,true,false,false,false,false,false,true,60,5,529236,18.792,0.084,3.188
786,true,true,true,false,false,false,false,false,true,60,9,521113,25.492,0.076,4.215
787,true,true,true,false,false,false,false,true,true,40,5,535873,16.004,0.076,2.372
788,true,true,true,false,false,false,false,true,true,40,9,527877,20.804,0.092,3.027
789,true,false,true,true,false,true,true,false,true,40,5,585214,18.936,0.080,2.730
79,true,true,true,false,false,false,true,true,true,60,5,516906,16.248,0.068,2.140
790,true,false,true,true,false,true,false,false,true,20,9,575392,25.972,0.084,4.039
791,true,false,true,true,false,true,true,false,true,40,1,604760,12.772,0.048,1.674
792,true,false,true,false,false,true,true,true,true,60,1,554290,13.100,0.068,1.673
793,true,true,true,false,false,true,false,true,false,40,9,539371,21.100,0.064,3.044
794,true,true,true,true,true,false,true,true,false,60,5,581021,15.636,0.032,2.028
795,true,false,true,true,false,true,true,false,true,40,9,577198,25.984,0.096,3.824
796,true,false,true,false,false,true,true,true,true,60,5,543048,17.020,0.092,2.232
797,true,true,true,true,true,false,true,true,false,60,9,574832,20.708,0.056,2.728
798,true,false,true,false,false,true,true,true,true,60,9,537116,22.264,0.064,2.941
799,true,true,true,false,false,true,false,true,false,40,1,555783,12.524,0.072,1.925
8,true,false,true,true,true,true,true,false,true,40,5,590769,19.368,0.080,2.796
80,true,true,true,false,true,true,true,false,true,20,1,534771,12.564,0.076,1.602
800,true,true,true,false,false,true,false,false,false,60,5,541074,18.808,0.072,3.079
801,true,true,true,false,false,true,false,false,false,60,9,530858,25.932,0.056,4.218
802,true,true,true,false,false,true,false,true,false,40,5,545804,16.412,0.084,2.467
803,true,false,true,true,true,false,true,true,true,60,9,592547,21.168,0.060,2.722
804,true,true,true,false,false,false,true,false,true,60,9,500865,25.668,0.044,3.717
805,true,false,true,true,true,false,true,true,true,60,5,598704,16.668,0.064,2.196
806,true,true,true,false,false,true,false,true,false,60,1,558737,12.492,0.084,1.980
807,true,true,true,false,false,false,true,false,false,20,9,502912,25.520,0.060,3.682
808,true,true,true,false,false,false,true,false,true,60,1,526015,12.280,0.076,1.581
809,true,true,true,true,true,false,false,true,false,40,9,599020,20.488,0.124,2.970
81,true,true,true,false,false,true,true,true,true,60,5,518349,16.124,0.052,2.086
810,true,true,true,false,false,false,true,false,true,60,5,508324,18.620,0.104,2.633
811,true,true,true,true,true,false,false,true,false,40,5,608314,15.884,0.088,2.360
812,true,true,true,true,true,false,false,true,false,40,1,621288,11.964,0.072,1.872
813,true,false,true,true,false,true,false,false,true,40,5,603343,18.896,0.060,3.126
814,true,false,true,true,false,true,false,true,true,20,1,603421,12.604,0.092,1.794
815,true,false,true,true,false,true,false,false,true,40,1,623974,12.756,0.072,1.986
816,true,false,true,true,true,false,true,true,true,60,1,613250,13.032,0.040,1.714
817,true,true,true,false,false,false,true,false,false,20,5,509447,18.652,0.076,2.605
818,true,true,true,false,false,false,false,false,true,60,1,549766,12.616,0.092,2.088
819,true,true,true,false,false,false,true,false,false,20,1,528931,12.448,0.060,1.596
82,true,true,true,true,false,false,true,false,false,20,9,559072,24.884,0.048,3.575
820,true,false,true,false,false,false,true,true,true,20,1,553853,12.860,0.068,1.646
821,true,true,true,false,false,false,false,false,true,40,1,546568,12.344,0.084,1.840
822,true,true,true,false,false,false,false,true,true,20,1,528634,12.164,0.068,1.732
823,true,false,true,false,false,false,true,true,true,20,5,542799,16.876,0.040,2.202
824,true,true,true,false,false,false,false,false,true,40,5,526384,18.048,0.120,2.938
825,true,true,true,false,false,false,false,true,true,20,5,518326,15.708,0.052,2.197
826,true,true,true,false,false,false,false,false,true,40,9,518059,25.164,0.068,3.980
827,true,false,true,true,false,true,true,false,true,20,5,585214,18.872,0.060,2.687
828,true,true,true,false,false,false,false,true,true,20,9,511323,20.592,0.068,2.822
829,true,false,true,true,false,true,true,false,true,20,1,604760,12.796,0.032,1.655
83,true,false,true,false,false,true,false,true,false,20,1,561937,13.116,0.072,1.885
830,true,true,true,true,true,false,true,false,false,60,9,561947,25.200,0.060,3.628
831,true,true,true,true,true,false,true,true,false,40,5,581021,15.716,0.068,2.076
832,true,true,true,true,true,false,true,true,false,40,9,574832,20.560,0.076,2.673
833,true,false,true,true,false,true,true,false,true,20,9,577198,26.504,0.068,3.916
834,true,true,true,false,false,true,false,true,false,60,5,548948,16.392,0.068,2.502
835,true,true,true,false,false,true,false,true,false,60,9,541917,20.916,0.044,3.004
836,true,true,true,false,false,false,true,false,true,40,9,500865,25.324,0.056,3.601
837,true,false,true,false,false,true,true,true,false,60,1,555442,13.184,0.072,1.685
838,true,false,true,false,false,true,true,true,false,60,5,545005,17.380,0.068,2.279
839,true,true,true,false,false,false,true,false,true,40,1,526015,12.212,0.064,1.570
84,true,true,true,true,false,false,false,false,true,60,1,606538,12.000,0.084,2.019
840,true,false,true,false,false,true,true,true,false,60,9,539315,22.152,0.096,2.925
841,true,true,true,true,true,false,false,true,false,60,9,602729,20.380,0.084,2.980
842,true,true,true,false,false,false,true,false,true,40,5,508324,18.992,0.076,2.704
843,true,true,true,true,true,false,true,true,false,60,1,593774,11.968,0.060,1.552
844,true,false,true,true,false,true,false,false,true,20,5,584151,18.552,0.072,2.868
845,true,true,true,true,true,false,false,true,false,60,5,611594,15.736,0.080,2.394
846,true,false,true,true,false,true,false,false,true,20,1,603421,12.704,0.076,1.806
847,true,true,true,true,true,false,false,true,false,60,1,623804,12.196,0.064,2.014
848,true,false,true,true,true,false,false,false,true,40,5,607457,18.744,0.124,3.051
849,true,false,true,false,false,false,true,true,false,60,9,538442,21.276,0.048,2.756
85,true,true,true,false,false,true,true,true,true,60,9,512486,21.168,0.072,2.715
850,true,false,true,true,true,false,false,false,true,40,9,597842,25.604,0.028,4.063
851,true,true,true,false,true,true,false,false,true,40,9,525003,25.396,0.060,4.061
852,true,true,true,false,false,true,false,true,true,60,9,532548,21.608,0.060,3.238
853,true,false,true,false,true,true,true,true,true,60,9,542659,21.932,0.052,2.848
854,true,false,true,true,false,true,false,true,true,40,9,605754,21.524,0.072,3.166
855,true,false,true,false,true,true,true,true,true,60,5,549381,16.888,0.056,2.180
856,true,false,true,true,true,true,true,true,true,20,5,599977,16.644,0.080,2.178
857,true,true,true,false,false,true,false,true,true,60,1,549857,12.604,0.072,2.098
858,true,false,true,false,true,true,true,false,false,20,5,540848,19.704,0.056,2.833
859,true,false,true,true,false,false,true,true,false,20,5,596187,16.448,0.040,2.185
86,true,false,true,false,false,true,false,true,false,20,5,552563,17.128,0.092,2.433
860,true,true,true,false,false,true,false,false,false,20,9,510759,25.976,0.040,4.026
861,true,false,true,false,true,true,true,true,true,60,1,561576,13.312,0.040,1.719
862,true,false,true,true,true,true,true,true,true,20,1,612575,12.880,0.052,1.676
863,true,true,true,false,false,true,false,true,true,60,5,539382,16.280,0.096,2.556
864,true,false,true,false,true,true,true,false,false,20,9,533815,26.496,0.096,3.849
865,true,false,true,true,false,false,true,true,false,20,9,589174,21.060,0.072,2.726
866,true,true,true,false,true,false,true,false,false,20,1,537248,12.404,0.052,1.580
867,true,false,true,false,false,false,true,true,false,60,5,544529,16.572,0.052,2.167
868,true,true,true,false,true,false,true,false,false,20,5,515860,18.944,0.052,2.657
869,true,true,true,false,false,true,false,false,false,20,1,537277,12.212,0.036,1.709
87,true,false,true,true,true,false,false,true,true,40,9,609381,21.136,0.044,3.063
870,true,false,true,false,false,false,true,true,false,60,1,555331,13.260,0.052,1.738
871,true,false,true,false,true,true,true,false,false,20,1,563622,13.256,0.064,1.705
872,true,false,true,true,false,false,true,true,false,20,1,605767,12.820,0.044,1.656
873,true,true,true,false,false,true,false,false,false,20,5,519495,18.488,0.080,2.866
874,true,true,true,false,true,false,true,false,false,20,9,508459,25.560,0.064,3.642
875,true,true,true,false,true,false,true,true,true,40,1,534621,12.568,0.044,1.591
876,true,true,true,true,false,true,true,false,true,40,1,584583,11.960,0.052,1.555
877,true,true,true,true,false,false,false,true,true,20,9,566751,20.428,0.076,2.797
878,true,true,true,false,true,false,true,true,true,40,5,522815,16.180,0.076,2.097
879,true,true,true,true,false,false,false,true,true,20,5,575356,15.476,0.084,2.173
88,true,true,true,true,false,false,true,false,false,20,1,585429,12.032,0.044,1.571
880,true,true,true,false,false,true,false,false,false,40,1,555783,12.484,0.072,1.851
881,true,false,true,false,false,true,true,true,false,40,1,555442,13.092,0.076,1.717
882,true,true,true,false,true,false,true,true,true,40,9,515986,20.640,0.068,2.625
883,true,true,true,true,false,true,true,false,true,40,9,556817,25.820,0.076,3.783
884,true,false,true,false,false,true,true,true,false,40,5,545005,16.876,0.080,2.210
885,true,false,true,true,true,true,true,true,true,20,9,593929,21.564,0.052,2.777
886,true,true,true,true,false,true,true,false,true,40,5,566254,18.256,0.048,2.630
887,true,false,true,false,false,true,true,true,false,40,9,539315,21.660,0.064,2.797
888,true,false,true,true,false,true,false,true,true,60,5,618541,16.732,0.104,2.628
889,true,true,true,false,false,false,false,false,false,60,1,558516,12.556,0.116,1.951
89,true,false,true,true,true,false,true,false,true,60,5,589638,18.784,0.052,2.647
890,true,false,true,true,false,true,false,true,true,60,1,628067,12.888,0.092,2.184
891,true,true,true,false,false,false,false,false,false,60,5,539632,18.620,0.092,3.101
892,true,true,true,true,false,false,false,true,true,20,1,584210,11.840,0.060,1.700
893,true,true,true,false,false,false,false,false,false,60,9,529323,25.436,0.104,4.213
894,true,true,true,false,true,true,false,false,true,40,5,534087,18.956,0.108,3.069
895,true,false,true,true,true,false,false,false,true,40,1,630542,12.748,0.064,1.989
896,true,true,true,false,true,true,false,false,true,40,1,555596,12.400,0.088,1.874
897,true,false,true,true,true,false,false,false,true,60,9,600251,26.164,0.124,4.302
898,true,true,true,false,false,false,false,true,true,60,1,549766,12.356,0.112,2.014
899,true,true,true,false,true,true,false,false,true,20,9,508680,25.968,0.128,3.972
9,true,false,true,true,false,true,true,true,true,60,9,588864,21.664,0.092,2.858
90,true,true,true,true,false,false,false,false,true,60,9,575583,24.804,0.060,4.088
900,true,true,true,false,false,false,false,true,true,60,5,537932,16.040,0.100,2.549
901,true,false,true,true,false,true,false,true,true,20,9,586650,21.664,0.104,3.019
902,true,true,true,false,false,false,false,true,true,60,9,531042,20.580,0.092,3.064
903,true,true,true,true,false,false,false,false,false,20,1,593472,11.684,0.072,1.650
904,true,false,true,true,false,true,false,true,true,20,5,594666,17.012,0.096,2.386
905,true,false,true,false,true,true,true,false,false,40,9,533815,26.512,0.100,3.886
906,true,false,true,false,false,true,true,true,false,20,9,539315,21.836,0.052,2.837
907,true,false,true,true,true,true,true,true,true,40,5,599977,16.616,0.060,2.171
908,true,true,true,false,true,false,true,false,false,40,1,537248,12.448,0.064,1.604
909,true,false,true,true,true,true,true,true,true,40,1,612575,12.892,0.060,1.682
91,true,false,true,false,true,false,false,false,false,40,9,554838,25.564,0.104,4.118
910,true,false,true,false,true,true,true,false,false,40,1,563622,13.024,0.060,1.646
911,true,true,true,false,true,false,true,false,false,40,5,515860,18.844,0.068,2.617
912,true,true,true,false,false,true,false,false,false,40,5,536902,19.156,0.104,3.096
913,true,false,true,false,true,true,true,false,false,40,5,540848,19.576,0.076,2.831
914,true,true,true,false,false,true,false,false,false,40,9,528497,25.768,0.084,4.141
915,true,true,true,false,true,false,true,false,false,40,9,508459,25.748,0.056,3.659
916,true,false,true,false,true,false,false,true,false,20,1,569085,13.068,0.060,1.824
917,true,true,true,true,false,true,true,false,true,60,5,566254,18.204,0.048,2.627
918,true,true,true,false,true,false,true,true,true,60,1,534621,12.404,0.072,1.582
919,true,false,true,true,false,true,false,false,false,20,1,612299,12.876,0.060,1.800
92,true,false,true,true,true,false,false,true,true,40,5,617873,16.680,0.092,2.551
920,true,true,true,false,true,false,true,true,true,60,5,522815,16.184,0.068,2.121
921,true,true,true,true,false,true,true,false,true,60,1,584583,11.844,0.044,1.517
922,true,true,true,true,false,false,false,true,true,40,9,584056,20.340,0.052,2.891
923,true,true,true,false,false,true,false,false,false,60,1,558737,12.284,0.036,1.877
924,true,false,true,false,false,true,true,true,false,20,1,555442,13.188,0.064,1.684
925,true,true,true,false,true,false,true,true,true,60,9,515986,20.656,0.060,2.636
926,true,false,true,false,false,true,true,true,false,20,5,545005,17.256,0.060,2.273
927,true,true,true,true,false,true,true,false,true,60,9,556817,25.336,0.064,3.708
928,true,false,true,true,true,true,true,true,true,40,9,593929,21.948,0.052,2.830
929,true,false,true,true,false,true,false,true,true,40,5,613754,16.436,0.072,2.410
93,true,true,true,true,false,false,true,false,false,20,5,565982,18.160,0.076,2.566
930,true,true,true,true,false,false,false,false,false,20,5,575202,17.944,0.080,2.793
931,true,false,true,true,false,true,false,true,true,40,1,623974,13.020,0.060,2.028
932,true,true,true,false,false,false,false,false,false,40,1,555611,12.528,0.072,1.985
933,true,true,true,true,false,false,false,false,false,20,9,564521,24.312,0.080,3.759
934,true,false,true,false,true,false,false,true,false,20,9,548616,21.496,0.068,2.961
935,true,true,true,false,false,false,false,false,false,40,5,536842,18.592,0.068,3.045
936,true,true,true,false,true,true,false,false,true,20,5,515779,18.692,0.092,2.849
937,true,false,true,true,true,false,false,false,true,60,1,633129,12.800,0.076,2.110
938,true,true,true,true,false,false,false,true,true,40,5,593815,15.680,0.060,2.374
939,true,false,true,true,false,true,false,false,false,20,9,584620,25.804,0.048,4.044
94,true,false,true,true,true,false,true,false,true,60,1,613250,13.000,0.048,1.700
940,true,true,true,false,false,false,false,false,false,40,9,527137,25.080,0.076,4.065
941,true,true,true,false,true,true,false,false,true,20,1,536466,12.384,0.060,1.769
942,true,false,true,false,true,false,false,true,false,20,5,555921,16.460,0.040,2.298
943,true,false,true,true,true,false,false,false,true,60,5,611477,19.012,0.056,3.217
944,true,true,true,true,false,false,false,true,true,40,1,604665,12.064,0.096,1.934
945,true,false,true,true,false,true,false,false,false,20,5,595188,19.164,0.060,2.978
946,true,true,true,true,true,true,false,false,false,60,5,602079,18.400,0.092,3.061
947,true,false,true,false,false,false,true,true,false,20,9,538442,21.552,0.064,2.815
948,true,true,true,true,true,true,false,false,false,60,1,623958,12.092,0.064,1.973
949,true,false,true,false,false,false,true,true,false,20,5,544529,16.980,0.036,2.233
95,true,true,true,true,false,false,false,false,true,60,5,586235,18.144,0.088,3.128
950,true,true,true,true,true,false,true,true,true,40,9,572283,20.696,0.068,2.671
951,true,false,true,false,true,true,true,true,true,20,9,542659,22.060,0.064,2.870
952,true,true,true,false,false,true,false,true,true,20,5,518709,16.240,0.072,2.266
953,true,false,true,false,true,true,true,true,true,20,5,549381,17.136,0.048,2.244
954,true,true,true,false,false,true,false,true,true,20,9,513685,21.032,0.048,2.886
955,true,true,true,true,true,true,false,false,false,60,9,593271,25.772,0.064,4.265
956,true,false,true,false,true,true,true,true,true,20,1,561576,13.256,0.080,1.687
957,true,false,true,true,true,true,true,true,true,60,9,593929,22.096,0.104,2.945
958,true,true,true,false,true,false,true,false,false,60,1,537248,12.412,0.056,1.581
959,true,false,true,true,true,true,true,true,true,60,5,599977,16.912,0.048,2.203
96,true,false,true,false,false,false,true,false,false,40,9,528189,25.928,0.076,3.725
960,true,true,true,false,false,true,false,true,true,20,1,529564,12.340,0.076,1.734
961,true,true,true,false,true,false,true,false,false,60,5,515860,18.564,0.068,2.592
962,true,false,true,true,true,true,true,true,true,60,1,612575,13.120,0.064,1.723
963,true,false,true,false,false,false,true,true,false,20,1,555331,13.116,0.072,1.707
964,true,true,true,true,true,false,true,true,true,40,5,580204,15.988,0.088,2.098
965,true,true,true,false,true,false,true,false,false,60,9,508459,25.816,0.064,3.709
966,true,true,true,true,false,true,true,true,false,20,1,587228,11.944,0.068,1.553
967,true,true,true,true,true,false,true,true,true,40,1,592321,12.108,0.028,1.556
968,true,false,true,true,false,true,false,false,false,40,1,633420,12.728,0.072,1.969
969,true,true,true,true,false,true,true,true,false,20,5,577295,16.164,0.056,2.170
97,true,true,true,false,true,true,false,true,true,60,9,539251,21.160,0.080,3.140
970,true,false,true,false,true,false,false,true,false,40,5,574485,17.092,0.084,2.587
971,true,true,true,true,false,true,true,true,false,20,9,570715,20.864,0.060,2.693
972,true,false,true,false,true,false,false,true,false,40,1,587184,12.980,0.116,1.937
973,true,true,true,true,true,false,true,false,false,20,1,593774,12.112,0.044,1.576
974,true,true,true,false,true,true,false,true,false,20,5,533220,16.492,0.072,2.309
975,true,true,true,false,true,true,false,true,false,20,1,544312,12.436,0.056,1.770
976,true,false,true,true,false,true,false,false,false,40,9,603193,25.912,0.104,4.192
977,true,true,true,false,true,true,false,true,false,20,9,526677,21.292,0.108,2.917
978,true,false,true,true,false,true,false,false,false,40,5,613662,19.320,0.060,3.172
979,true,false,true,false,true,false,false,true,false,40,9,565986,21.476,0.064,3.096
98,true,true,true,false,false,true,true,true,true,40,1,527814,12.428,0.076,1.588
980,true,true,true,true,true,false,true,true,true,20,9,572283,20.528,0.104,2.622
981,true,false,true,false,false,false,true,true,false,40,9,538442,21.268,0.044,2.771
982,true,false,true,true,true,true,true,true,false,60,5,600631,16.900,0.044,2.207
983,true,false,true,true,true,false,false,false,true,20,5,587988,18.852,0.092,2.936
984,true,true,true,true,true,false,true,true,true,20,5,580204,15.696,0.044,2.034
985,true,false,true,false,true,true,true,true,true,40,9,542659,21.828,0.112,2.832
986,true,false,true,false,false,false,true,true,false,40,5,544529,16.716,0.048,2.175
987,true,false,true,true,true,true,true,true,false,60,1,614935,12.888,0.048,1.666
988,true,false,true,true,true,false,false,false,true,20,9,579454,25.580,0.072,3.911
989,true,false,true,false,true,true,true,true,true,40,5,549381,17.336,0.048,2.257
99,true,false,true,true,true,true,false,true,false,60,9,622722,21.636,0.084,3.199
990,true,true,true,false,false,true,false,true,true,40,5,537050,16.052,0.092,2.355
991,true,false,true,false,true,true,true,true,true,40,1,561576,13.020,0.100,1.664
992,true,true,true,false,false,true,false,true,true,40,9,530018,21.444,0.080,3.117
993,true,false,true,true,false,true,false,true,true,60,9,609731,21.580,0.108,3.328
994,true,true,true,false,false,true,false,true,true,40,1,546551,12.596,0.096,1.967
995,true,true,true,true,true,false,true,true,true,20,1,592321,12.008,0.052,1.561
996,true,true,true,true,false,true,true,true,false,40,1,587228,12.004,0.048,1.564
997,true,false,true,false,false,false,true,true,false,40,1,555331,12.820,0.080,1.624
998,true,true,true,true,false,true,true,true,false,40,5,577295,16.160,0.072,2.158
999,true,false,true,true,true,true,true,true,false,60,9,594491,21.520,0.080,2.783
